date,code,open,high,low,close,preclose,volume,amount,adjustflag,turn,tradestatus,pctChg,isST
2017-12-15,sh.600025,2.3666682000,2.8400018400,2.3666682000,2.8400018400,1.9752576900,3242494,10068969.0000,2,0.180139,1,43.778800,0
2017-12-18,sh.600025,3.1221815100,3.1221815100,3.1221815100,3.1221815100,2.8400018400,1923883,6598919.0000,2,0.106882,1,9.935900,0
2017-12-19,sh.600025,3.4316688900,3.4316688900,3.4316688900,3.4316688900,3.1221815100,2368529,8929354.0000,2,0.131585,1,9.912500,0
2017-12-20,sh.600025,3.7775665500,3.7775665500,3.7775665500,3.7775665500,3.4316688900,3927349,16298498.0000,2,0.218186,1,10.079600,0
2017-12-21,sh.600025,4.1598744900,4.1598744900,3.8958999600,4.1598744900,3.7775665500,754467872,3381055100.0000,2,41.914882,1,10.120500,0
2017-12-22,sh.600025,4.1871822000,4.5785927100,4.1598744900,4.5785927100,4.1598744900,404553760,1933577545.0000,2,22.475209,1,10.065600,0
2017-12-25,sh.600025,4.9791057900,5.0337212100,4.5603875700,4.5967978500,4.5785927100,891008400,4711082833.0000,2,49.500467,1,0.397600,0
2017-12-26,sh.600025,4.6787209800,5.0610289200,4.5603875700,5.0610289200,4.5967978500,601921744,3198402310.0000,2,33.440097,1,10.099000,0
2017-12-27,sh.600025,5.2703880300,5.5707728400,5.1975674700,5.5707728400,5.0610289200,807041056,4833708090.0000,2,44.835614,1,10.071900,0
2017-12-28,sh.600025,5.5616702700,5.5616702700,5.2339777500,5.3523111600,5.5707728400,622355232,3674795593.0000,2,34.575291,1,-3.921600,0
2017-12-29,sh.600025,5.0974392000,5.1611571900,4.8152595300,4.8243621000,5.3523111600,578188768,3103801814.0000,2,32.121598,1,-9.863900,0
2018-01-02,sh.600025,4.7424389700,4.9973109300,4.7060286900,4.8607723800,4.8243621000,346440416,1847257093.0000,2,19.246690,1,0.754716,0
2018-01-03,sh.600025,4.7788492500,4.8516698100,4.6696184100,4.7970543900,4.8607723800,315443696,1653315048.0000,2,17.524650,1,-1.310865,0
2018-01-04,sh.600025,4.7060286900,4.9335929400,4.5694901400,4.8698749500,4.7970543900,525425552,2744447356.0000,2,29.190308,1,1.518025,0
2018-01-05,sh.600025,4.7970543900,4.9062852300,4.7333364000,4.7515415400,4.8698749500,275383488,1453642512.0000,2,15.299083,1,-2.429909,0
2018-01-08,sh.600025,4.6696184100,4.7606441100,4.6423107000,4.7151312600,4.7515415400,221018700,1136866755.0000,2,12.278817,1,-0.766283,0
2018-01-09,sh.600025,4.7151312600,4.7697466800,4.6423107000,4.6605158400,4.7151312600,188853833,974375975.0000,2,10.491880,1,-1.158300,0
2018-01-10,sh.600025,4.6150029900,4.6423107000,4.4693618700,4.5148747200,4.6605158400,268449184,1341450191.0000,2,14.913844,1,-3.124997,0
2018-01-11,sh.600025,4.4784644400,4.6332081300,4.3783361700,4.5239772900,4.5148747200,225287606,1119393155.0000,2,12.515978,1,0.201608,0
2018-01-12,sh.600025,4.5148747200,4.5239772900,4.3783361700,4.3874387400,4.5239772900,204350099,994597555.0000,2,11.352783,1,-3.018101,0
2018-01-15,sh.600025,4.3328233200,4.3328233200,4.1234642100,4.1598744900,4.3874387400,203351226,941727413.0000,2,11.297290,1,-5.186722,0
2018-01-16,sh.600025,4.1325667800,4.5785927100,4.0961565000,4.5785927100,4.1598744900,395792160,1960494346.0000,2,21.988453,1,10.065650,0
2018-01-17,sh.600025,4.8061569600,4.9609006500,4.6423107000,4.6969261200,4.5785927100,548478272,2897082204.0000,2,30.471015,1,2.584486,0
2018-01-18,sh.600025,4.5785927100,4.7151312600,4.4238490200,4.5967978500,4.6969261200,283594864,1415170080.0000,2,15.755270,1,-2.131776,0
2018-01-19,sh.600025,4.5330798600,4.7151312600,4.4784644400,4.5512850000,4.5967978500,190817077,964069911.0000,2,10.600949,1,-0.990103,0
2018-01-22,sh.600025,4.5057721500,4.5057721500,4.3783361700,4.4511567300,4.5512850000,147959385,722717536.0000,2,8.219966,1,-2.200003,0
2018-01-23,sh.600025,4.4056438800,4.4966695800,4.4056438800,4.4784644400,4.4511567300,119723472,583765380.0000,2,6.651304,1,0.613501,0
2018-01-24,sh.600025,4.5057721500,4.6150029900,4.4238490200,4.4875670100,4.4784644400,150490567,746469838.0000,2,8.360587,1,0.203247,0
2018-01-25,sh.600025,4.4511567300,4.5057721500,4.3965413100,4.4329515900,4.4875670100,131454007,641572887.0000,2,7.303000,1,-1.217037,0
2018-01-26,sh.600025,4.3965413100,4.4511567300,4.3874387400,4.3965413100,4.4329515900,96941673,468846438.0000,2,5.385649,1,-0.821354,0
2018-01-29,sh.600025,4.4238490200,4.5057721500,4.3965413100,4.4329515900,4.3965413100,120648549,587471311.0000,2,6.702697,1,0.828156,0
2018-01-30,sh.600025,4.4875670100,4.5057721500,4.4147464500,4.4693618700,4.4329515900,127520211,625012351.0000,2,7.084456,1,0.821354,0
2018-01-31,sh.600025,4.4238490200,4.4511567300,4.2326950500,4.2873104700,4.4693618700,140008035,665785320.0000,2,7.778224,1,-4.073316,0
2018-02-01,sh.600025,4.3055156100,4.3146181800,4.1143616400,4.1598744900,4.2873104700,115500037,532413051.0000,2,6.416669,1,-2.972396,0
2018-02-02,sh.600025,4.1507719200,4.3146181800,3.9687205200,4.2053873400,4.1598744900,102610646,470623030.0000,2,5.700591,1,1.094086,0
2018-02-05,sh.600025,4.0961565000,4.1598744900,4.0506436500,4.1143616400,4.2053873400,70714678,319992410.0000,2,3.928593,1,-2.164500,0
2018-02-06,sh.600025,4.0233359400,4.0688487900,3.8230794000,3.8321819700,4.1143616400,116290313,506800528.0000,2,6.460573,1,-6.858406,0
2018-02-07,sh.600025,3.9141051000,3.9778230900,3.7320537000,3.8685922500,3.8321819700,90435825,384538734.0000,2,5.024212,1,0.950118,0
2018-02-08,sh.600025,3.8321819700,3.8867973900,3.8230794000,3.8594896800,3.8685922500,62267425,263843504.0000,2,3.459301,1,-0.235299,0
2018-02-09,sh.600025,3.7593614100,3.7593614100,3.5682074400,3.6046177200,3.8594896800,107172090,430619289.0000,2,5.954005,1,-6.603768,0
2018-02-12,sh.600025,3.6501305700,3.6865408500,3.6228228600,3.6683357100,3.6046177200,53352202,214601806.0000,2,2.964011,1,1.767681,0
2018-02-13,sh.600025,3.6865408500,3.7229511300,3.6501305700,3.6592331400,3.6683357100,54858262,222117999.0000,2,3.047681,1,-0.248145,0
2018-02-14,sh.600025,3.6683357100,3.6774382800,3.6228228600,3.6410280000,3.6592331400,37176863,148661497.0000,2,2.065381,1,-0.497512,0
2018-02-22,sh.600025,3.6683357100,3.7229511300,3.6501305700,3.7047459900,3.6410280000,53306045,216134442.0000,2,2.961447,1,1.750004,0
2018-02-23,sh.600025,3.7047459900,4.0051308000,3.6774382800,3.8503871100,3.7047459900,103408030,437599944.0000,2,5.744891,1,3.931200,0
2018-02-26,sh.600025,3.8321819700,3.9596179500,3.8230794000,3.9232076700,3.8503871100,85781185,367887658.0000,2,4.765621,1,1.891251,0
2018-02-27,sh.600025,3.9050025300,3.9141051000,3.8412845400,3.8594896800,3.9232076700,65424321,278012173.0000,2,3.634685,1,-1.624134,0
2018-02-28,sh.600025,3.8230794000,3.8867973900,3.7866691200,3.8503871100,3.8594896800,51545829,217266425.0000,2,2.863657,1,-0.235843,0
2018-03-01,sh.600025,3.8139768300,3.8503871100,3.7957716900,3.8321819700,3.8503871100,54134806,227488728.0000,2,3.007489,1,-0.472813,0
2018-03-02,sh.600025,3.7957716900,3.9596179500,3.7866691200,3.8594896800,3.8321819700,80396287,341567797.0000,2,4.466460,1,0.712583,0
2018-03-05,sh.600025,3.8503871100,3.8503871100,3.7957716900,3.8139768300,3.8594896800,57848579,242355880.0000,2,3.213810,1,-1.179239,0
2018-03-06,sh.600025,3.8139768300,3.8958999600,3.8048742600,3.8776948200,3.8139768300,84638269,357466926.0000,2,4.702126,1,1.670649,0
2018-03-07,sh.600025,3.8503871100,3.9869256600,3.8412845400,3.8958999600,3.8776948200,128849681,554084729.0000,2,7.158316,1,0.469483,0
2018-03-08,sh.600025,3.8503871100,3.9414128100,3.8230794000,3.8867973900,3.8958999600,86648362,369348462.0000,2,4.813798,1,-0.233650,0
2018-03-09,sh.600025,3.8685922500,3.9050025300,3.8503871100,3.8958999600,3.8867973900,84949818,362186090.0000,2,4.719434,1,0.234197,0
2018-03-12,sh.600025,3.9050025300,3.9323102400,3.8776948200,3.8958999600,3.8958999600,83792716,358619585.0000,2,4.655151,1,0.000000,0
2018-03-13,sh.600025,3.8867973900,3.8958999600,3.8321819700,3.8503871100,3.8958999600,71851206,304777057.0000,2,3.991734,1,-1.168229,0
2018-03-14,sh.600025,3.8321819700,3.8867973900,3.8230794000,3.8230794000,3.8503871100,57301328,241808921.0000,2,3.183407,1,-0.709225,0
2018-03-15,sh.600025,3.8048742600,3.8412845400,3.7502588400,3.7957716900,3.8230794000,76290678,317442262.0000,2,4.238371,1,-0.714279,0
2018-03-16,sh.600025,3.7775665500,3.8048742600,3.7320537000,3.7411562700,3.7957716900,56368257,233338350.0000,2,3.131570,1,-1.438848,0
2018-03-19,sh.600025,3.7411562700,3.7502588400,3.6865408500,3.7229511300,3.7411562700,53478064,218182811.0000,2,2.971004,1,-0.486617,0
2018-03-20,sh.600025,3.6774382800,3.7411562700,3.6592331400,3.7320537000,3.7229511300,53246799,216758648.0000,2,2.958155,1,0.244493,0
2018-03-21,sh.600025,3.7320537000,3.8230794000,3.6956434200,3.7411562700,3.7320537000,92283157,379574607.0000,2,5.126842,1,0.243908,0
2018-03-22,sh.600025,3.7138485600,3.7229511300,3.6774382800,3.6865408500,3.7411562700,60064180,244004135.0000,2,3.336899,1,-1.459853,0
2018-03-23,sh.600025,3.5955151500,3.5955151500,3.3770534700,3.4225663200,3.6865408500,110879710,425767643.0000,2,6.159984,1,-7.160498,0
2018-03-26,sh.600025,3.3497457600,3.4225663200,3.2132072100,3.4043611800,3.4225663200,65981259,241150473.0000,2,3.665625,1,-0.531914,0
2018-03-27,sh.600025,3.4407714600,3.5226945900,3.4316688900,3.4680791700,3.4043611800,68115476,260126353.0000,2,3.784193,1,1.871656,0
2018-03-28,sh.600025,3.4134637500,3.5044894500,3.3770534700,3.4316688900,3.4680791700,48026964,181821076.0000,2,2.668165,1,-1.049868,0
2018-03-29,sh.600025,3.4498740300,3.4771817400,3.4225663200,3.4589766000,3.4316688900,43324734,164187580.0000,2,2.406930,1,0.795755,0
2018-03-30,sh.600025,3.4771817400,3.4771817400,3.4316688900,3.4407714600,3.4589766000,40004391,151595800.0000,2,2.222466,1,-0.526315,0
2018-04-02,sh.600025,3.4316688900,3.4407714600,3.3861560400,3.4043611800,3.4407714600,49859404,186961465.0000,2,2.769967,1,-1.058200,0
2018-04-03,sh.600025,3.3406431900,3.3497457600,3.2951303400,3.3224380500,3.4043611800,50395253,183652124.0000,2,2.799736,1,-2.406415,0
2018-04-04,sh.600025,3.3497457600,3.3588483300,3.2951303400,3.3042329100,3.3224380500,37071150,135321254.0000,2,2.059508,1,-0.547945,0
2018-04-09,sh.600025,3.2769252000,3.2951303400,3.2405149200,3.2769252000,3.3042329100,37256634,133809691.0000,2,2.069813,1,-0.826452,0
2018-04-10,sh.600025,3.2860277700,3.4589766000,3.2587200600,3.4043611800,3.2769252000,97834436,363314681.0000,2,5.435246,1,3.888892,0
2018-04-11,sh.600025,3.3861560400,3.3952586100,3.3497457600,3.3588483300,3.4043611800,54353092,201147215.0000,2,3.019616,1,-1.336897,0
2018-04-12,sh.600025,3.3679509000,3.4589766000,3.3497457600,3.4134637500,3.3588483300,75565565,283195212.0000,2,4.198087,1,1.626015,0
2018-04-13,sh.600025,3.3952586100,3.4498740300,3.3952586100,3.4225663200,3.4134637500,51078816,191745180.0000,2,2.837712,1,0.266666,0
2018-04-16,sh.600025,3.4316688900,3.4316688900,3.2951303400,3.3315406200,3.4225663200,48179426,177893962.0000,2,2.676635,1,-2.659572,0
2018-04-17,sh.600025,3.3133354800,3.3406431900,3.2405149200,3.2587200600,3.3315406200,48046941,173591794.0000,2,2.669275,1,-2.185797,0
2018-04-18,sh.600025,3.2678226300,3.2951303400,3.1950020700,3.2496174900,3.2587200600,43057828,152848250.0000,2,2.392102,1,-0.279329,0
2018-04-19,sh.600025,3.2496174900,3.2678226300,3.2223097800,3.2587200600,3.2496174900,34812256,124406536.0000,2,1.934014,1,0.280112,0
2018-04-20,sh.600025,3.2405149200,3.2496174900,3.1676943600,3.1858995000,3.2587200600,45655800,160753154.0000,2,2.536433,1,-2.234635,0
2018-04-23,sh.600025,3.1858995000,3.1950020700,3.1221815100,3.1494892200,3.1858995000,33127714,114850949.0000,2,1.840429,1,-1.142856,0
2018-04-24,sh.600025,3.1403866500,3.2041046400,3.1403866500,3.1858995000,3.1494892200,42212599,147563219.0000,2,2.345144,1,1.156068,0
2018-04-25,sh.600025,3.1585917900,3.1858995000,3.1494892200,3.1767969300,3.1858995000,28393122,98774454.0000,2,1.577396,1,-0.285714,0
2018-04-26,sh.600025,3.2041046400,3.2132072100,3.1039763700,3.1039763700,3.1767969300,37397357,129381895.0000,2,2.077631,1,-2.292261,0
2018-04-27,sh.600025,3.1130789400,3.1312840800,3.0766686600,3.0948738000,3.1039763700,30492201,103614746.0000,2,1.694011,1,-0.293255,0
2018-05-02,sh.600025,3.0948738000,3.1130789400,3.0493609500,3.0584635200,3.0948738000,25767714,86862990.0000,2,1.431540,1,-1.176476,0
2018-05-03,sh.600025,3.0493609500,3.0584635200,2.9856429600,3.0402583800,3.0584635200,43686063,144888487.0000,2,2.427004,1,-0.595238,0
2018-05-04,sh.600025,3.0402583800,3.0675660900,3.0129506700,3.0402583800,3.0402583800,30128289,100817025.0000,2,1.673794,1,0.000000,0
2018-05-07,sh.600025,3.0402583800,3.0766686600,3.0311558100,3.0766686600,3.0402583800,31207802,104979263.0000,2,1.733767,1,1.197611,0
2018-05-08,sh.600025,3.0766686600,3.0948738000,3.0584635200,3.0948738000,3.0766686600,35227632,119205948.0000,2,1.957091,1,0.591715,0
2018-05-09,sh.600025,3.0857712300,3.0857712300,3.0402583800,3.0584635200,3.0948738000,27027328,90966201.0000,2,1.501518,1,-1.176476,0
2018-05-10,sh.600025,3.0584635200,3.0766686600,3.0493609500,3.0675660900,3.0584635200,21968580,73927481.0000,2,1.220477,1,0.297619,0
2018-05-11,sh.600025,3.0584635200,3.0675660900,3.0311558100,3.0402583800,3.0675660900,23960318,80280537.0000,2,1.331129,1,-0.890207,0
2018-05-14,sh.600025,3.0402583800,3.0493609500,3.0038481000,3.0220532400,3.0402583800,23219952,77308073.0000,2,1.289997,1,-0.598802,0
2018-05-15,sh.600025,3.0129506700,3.3224380500,2.9856429600,3.3224380500,3.0220532400,138814893,494669093.0000,2,7.711938,1,9.939764,0
2018-05-16,sh.600025,3.2223097800,3.2678226300,3.1676943600,3.1858995000,3.3224380500,135008914,477471693.0000,2,7.500495,1,-4.109591,0
2018-05-17,sh.600025,3.1676943600,3.1858995000,3.1221815100,3.1312840800,3.1858995000,54382057,187604508.0000,2,3.021225,1,-1.714284,0
2018-05-18,sh.600025,3.1221815100,3.2041046400,3.1039763700,3.1676943600,3.1312840800,55317296,192055247.0000,2,3.073183,1,1.162790,0
2018-05-21,sh.600025,3.1767969300,3.2132072100,3.1585917900,3.1950020700,3.1676943600,52882386,184954419.0000,2,2.937910,1,0.862068,0
2018-05-22,sh.600025,3.1858995000,3.3042329100,3.1676943600,3.2405149200,3.1950020700,68315205,243231779.0000,2,3.795289,1,1.424500,0
2018-05-23,sh.600025,3.2132072100,3.3588483300,3.1950020700,3.2769252000,3.2405149200,99003522,357547034.0000,2,5.500196,1,1.123595,0
2018-05-24,sh.600025,3.2405149200,3.2587200600,3.1950020700,3.2223097800,3.2769252000,59610845,211226257.0000,2,3.311714,1,-1.666665,0
2018-05-25,sh.600025,3.1950020700,3.2132072100,3.1585917900,3.1767969300,3.2223097800,37365244,130687913.0000,2,2.075847,1,-1.412428,0
2018-05-28,sh.600025,3.1767969300,3.1767969300,3.0857712300,3.0948738000,3.1767969300,39125799,134170123.0000,2,2.173656,1,-2.578794,0
2018-05-29,sh.600025,3.0948738000,3.1494892200,3.0857712300,3.1039763700,3.0948738000,30965686,105860591.0000,2,1.720316,1,0.294117,0
2018-05-30,sh.600025,3.0493609500,3.0493609500,2.9674378200,2.9765403900,3.1039763700,49620709,164445275.0000,2,2.756706,1,-4.105575,0
2018-05-31,sh.600025,2.9856429600,3.0402583800,2.9856429600,3.0311558100,2.9765403900,28760992,95230980.0000,2,1.597833,1,1.834861,0
2018-06-01,sh.600025,3.0038481000,3.0493609500,2.9947455300,3.0129506700,3.0311558100,21728742,72041974.0000,2,1.207152,1,-0.600600,0
2018-06-04,sh.600025,3.0402583800,3.0948738000,3.0402583800,3.0675660900,3.0129506700,33588666,113230660.0000,2,1.866037,1,1.812687,0
2018-06-05,sh.600025,3.0766686600,3.0766686600,3.0311558100,3.0584635200,3.0675660900,25853978,86598194.0000,2,1.436332,1,-0.296736,0
2018-06-06,sh.600025,3.0402583800,3.1676943600,3.0402583800,3.1130789400,3.0584635200,41396468,140765222.0000,2,2.299804,1,1.785720,0
2018-06-07,sh.600025,3.1039763700,3.1585917900,3.0857712300,3.0948738000,3.1130789400,31657214,108375726.0000,2,1.758734,1,-0.584795,0
2018-06-08,sh.600025,3.0948738000,3.0948738000,3.0493609500,3.0766686600,3.0948738000,31547190,106270910.0000,2,1.752622,1,-0.588235,0
2018-06-11,sh.600025,3.0584635200,3.0948738000,3.0402583800,3.0675660900,3.0766686600,19006211,63990143.0000,2,1.055901,1,-0.295865,0
2018-06-12,sh.600025,3.0766686600,3.0857712300,3.0402583800,3.0766686600,3.0675660900,19918597,67136341.0000,2,1.106589,1,0.296743,0
2018-06-13,sh.600025,3.0675660900,3.0766686600,3.0129506700,3.0220532400,3.0766686600,24830088,82958986.0000,2,1.379449,1,-1.775153,0
2018-06-14,sh.600025,3.0038481000,3.0402583800,2.9856429600,3.0220532400,3.0220532400,18346939,60889157.0000,2,1.019274,1,0.000000,0
2018-06-15,sh.600025,3.0220532400,3.0311558100,2.9765403900,2.9856429600,3.0220532400,25411625,83638841.0000,2,1.411757,1,-1.204818,0
2018-06-19,sh.600025,2.9492326800,2.9492326800,2.6943607200,2.7671812800,2.9856429600,55799382,172822551.0000,2,3.099966,1,-7.317074,0
2018-06-20,sh.600025,2.7489761400,2.8035915600,2.7307710000,2.7853864200,2.7671812800,24796617,75590523.0000,2,1.377590,1,0.657894,0
2018-06-21,sh.600025,2.7853864200,2.8217967000,2.7489761400,2.7580787100,2.7853864200,26738145,81808027.0000,2,1.485453,1,-0.980391,0
2018-06-22,sh.600025,2.7307710000,2.7762838500,2.7216684300,2.7671812800,2.7580787100,18994565,57569302.0000,2,1.055254,1,0.330033,0
2018-06-25,sh.600025,2.7944889900,2.8126941300,2.7762838500,2.7853864200,2.7671812800,19909883,61022501.0000,2,1.106105,1,0.657894,0
2018-06-26,sh.600025,2.7489761400,2.8035915600,2.7307710000,2.7944889900,2.7853864200,22338800,68113592.0000,2,1.241044,1,0.326797,0
2018-06-27,sh.600025,2.8222473500,2.8315006200,2.7759810000,2.7852342700,2.7944875400,18573712,56092898.0000,2,1.031873,1,-0.331126,0
2018-06-28,sh.600025,2.7944875400,2.8037408100,2.7389679200,2.7574744600,2.7852342700,21083024,63233765.0000,2,1.171279,1,-0.996677,0
2018-06-29,sh.600025,2.7482211900,2.8222473500,2.7389679200,2.8129940800,2.7574744600,30171033,90906825.0000,2,1.676168,1,2.013421,0
2018-07-02,sh.600025,2.8037408100,2.8037408100,2.7482211900,2.7667277300,2.8129940800,25370495,76222431.0000,2,1.409472,1,-1.644735,0
2018-07-03,sh.600025,2.7667277300,2.7852342700,2.7482211900,2.7852342700,2.7667277300,19985162,59829463.0000,2,1.110287,1,0.668896,0
2018-07-04,sh.600025,2.7759810000,2.7852342700,2.7574744600,2.7574744600,2.7852342700,17764268,53176293.0000,2,0.986904,1,-0.996677,0
2018-07-05,sh.600025,2.7574744600,2.7759810000,2.6649417600,2.6741950300,2.7574744600,26703416,78356299.0000,2,1.483523,1,-3.020131,0
2018-07-06,sh.600025,2.6834483000,2.6927015700,2.5446492500,2.6464352200,2.6741950300,32870176,93542010.0000,2,1.826121,1,-1.038069,0
2018-07-09,sh.600025,2.6464352200,2.7019548400,2.6371819500,2.6927015700,2.6464352200,24122184,69772243.0000,2,1.340121,1,1.748258,0
2018-07-10,sh.600025,2.6834483000,2.6927015700,2.6649417600,2.6927015700,2.6927015700,20635782,59744228.0000,2,1.146432,1,0.000000,0
2018-07-11,sh.600025,2.6649417600,2.6741950300,2.5816623300,2.6094221400,2.6927015700,26495841,75069492.0000,2,1.471991,1,-3.092789,0
2018-07-12,sh.600025,2.5909156000,2.7204613800,2.5816623300,2.6834483000,2.6094221400,39933200,115376253.0000,2,2.218511,1,2.836885,0
2018-07-13,sh.600025,2.6834483000,2.7019548400,2.6649417600,2.6834483000,2.6834483000,21490957,62280417.0000,2,1.193942,1,0.000000,0
2018-07-16,sh.600025,2.6649417600,2.6741950300,2.6464352200,2.6649417600,2.6834483000,17430795,50072322.0000,2,0.968378,1,-0.689654,0
2018-07-17,sh.600025,2.6556884900,2.6649417600,2.6371819500,2.6556884900,2.6649417600,17533007,50216136.0000,2,0.974056,1,-0.347230,0
2018-07-18,sh.600025,2.6464352200,2.9240333200,2.6464352200,2.8129940800,2.6556884900,114583567,350989730.0000,2,6.365754,1,5.923348,0
2018-07-19,sh.600025,2.7482211900,2.7667277300,2.7112081100,2.7297146500,2.8129940800,59372516,175458132.0000,2,3.298473,1,-2.960524,0
2018-07-20,sh.600025,2.7112081100,2.8037408100,2.6927015700,2.7852342700,2.7297146500,61223448,182821483.0000,2,3.401303,1,2.033896,0
2018-07-23,sh.600025,2.7574744600,2.8407538900,2.7482211900,2.8222473500,2.7852342700,43221188,131226369.0000,2,2.401177,1,1.328902,0
2018-07-24,sh.600025,2.8037408100,2.9702996700,2.8037408100,2.8870202400,2.8222473500,72294790,224806054.0000,2,4.016377,1,2.295080,0
2018-07-25,sh.600025,2.8592604300,2.8685137000,2.8222473500,2.8407538900,2.8870202400,42403054,130348558.0000,2,2.355725,1,-1.602563,0
2018-07-26,sh.600025,2.8315006200,2.9517931300,2.8315006200,2.8870202400,2.8407538900,56909485,177571915.0000,2,3.161638,1,1.628663,0
2018-07-27,sh.600025,2.8685137000,2.9425398600,2.8500071600,2.8592604300,2.8870202400,41548761,129507318.0000,2,2.308264,1,-0.961538,0
2018-07-30,sh.600025,2.8685137000,2.8870202400,2.8222473500,2.8315006200,2.8592604300,29809356,91641470.0000,2,1.656075,1,-0.970873,0
2018-07-31,sh.600025,2.8315006200,2.8777669700,2.8222473500,2.8500071600,2.8315006200,26582222,82071029.0000,2,1.476790,1,0.653594,0
2018-08-01,sh.600025,2.8407538900,2.8777669700,2.7944875400,2.8037408100,2.8500071600,29787495,91459134.0000,2,1.654861,1,-1.623375,0
2018-08-02,sh.600025,2.8129940800,2.8129940800,2.6927015700,2.7389679200,2.8037408100,36561447,108549622.0000,2,2.031191,1,-2.310229,0
2018-08-03,sh.600025,2.7297146500,2.7759810000,2.7204613800,2.7297146500,2.7389679200,17484461,51999856.0000,2,0.971359,1,-0.337838,0
2018-08-06,sh.600025,2.7297146500,2.7482211900,2.6741950300,2.6834483000,2.7297146500,21798430,63782996.0000,2,1.211024,1,-1.694914,0
2018-08-07,sh.600025,2.6927015700,2.7482211900,2.6741950300,2.7389679200,2.6834483000,24124444,70840071.0000,2,1.340247,1,2.068964,0
2018-08-08,sh.600025,2.7297146500,2.7574744600,2.7297146500,2.7297146500,2.7389679200,17972283,53183818.0000,2,0.998460,1,-0.337838,0
2018-08-09,sh.600025,2.7297146500,2.8129940800,2.7019548400,2.7759810000,2.7297146500,33501515,100175151.0000,2,1.861195,1,1.694914,0
2018-08-10,sh.600025,2.7574744600,2.7852342700,2.7482211900,2.7667277300,2.7759810000,19658000,58681388.0000,2,1.092111,1,-0.333333,0
2018-08-13,sh.600025,2.7389679200,2.7389679200,2.7019548400,2.7297146500,2.7667277300,20230188,59539498.0000,2,1.123899,1,-1.337791,0
2018-08-14,sh.600025,2.7297146500,2.7482211900,2.7204613800,2.7297146500,2.7297146500,13619425,40195549.0000,2,0.756635,1,0.000000,0
2018-08-15,sh.600025,2.7297146500,2.7389679200,2.6834483000,2.6834483000,2.7297146500,18785258,54918646.0000,2,1.043625,1,-1.694914,0
2018-08-16,sh.600025,2.6649417600,2.7019548400,2.6464352200,2.6649417600,2.6834483000,16271507,46987297.0000,2,0.903973,1,-0.689654,0
2018-08-17,sh.600025,2.6834483000,2.6927015700,2.6279286800,2.6371819500,2.6649417600,13502537,38848172.0000,2,0.750141,1,-1.041674,0
2018-08-20,sh.600025,2.6279286800,2.6556884900,2.6094221400,2.6464352200,2.6371819500,13388100,38097977.0000,2,0.743783,1,0.350877,0
2018-08-21,sh.600025,2.6464352200,2.6834483000,2.6371819500,2.6741950300,2.6464352200,13663972,39442587.0000,2,0.759110,1,1.048958,0
2018-08-22,sh.600025,2.6556884900,2.6649417600,2.6279286800,2.6371819500,2.6741950300,11510200,32911614.0000,2,0.639456,1,-1.384090,0
2018-08-23,sh.600025,2.6371819500,2.6556884900,2.6279286800,2.6464352200,2.6371819500,11093997,31708340.0000,2,0.616333,1,0.350877,0
2018-08-24,sh.600025,2.6464352200,2.6834483000,2.6279286800,2.6556884900,2.6464352200,15667570,44890854.0000,2,0.870421,1,0.349650,0
2018-08-27,sh.600025,2.6464352200,2.6927015700,2.6464352200,2.6741950300,2.6556884900,20143547,58152992.0000,2,1.119086,1,0.696872,0
2018-08-28,sh.600025,2.6741950300,2.6834483000,2.6649417600,2.6741950300,2.6741950300,11032100,31882695.0000,2,0.612894,1,0.000000,0
2018-08-29,sh.600025,2.6649417600,2.6741950300,2.6556884900,2.6649417600,2.6741950300,8579400,24695755.0000,2,0.476633,1,-0.346020,0
2018-08-30,sh.600025,2.6649417600,2.6741950300,2.6464352200,2.6464352200,2.6649417600,12700204,36484131.0000,2,0.705567,1,-0.694452,0
2018-08-31,sh.600025,2.6464352200,2.6556884900,2.6094221400,2.6186754100,2.6464352200,15250500,43290116.0000,2,0.847250,1,-1.048950,0
2018-09-03,sh.600025,2.6001688700,2.6186754100,2.5631557900,2.5816623300,2.6186754100,19951246,55699892.0000,2,1.108403,1,-1.413426,0
2018-09-04,sh.600025,2.5909156000,2.6186754100,2.5724090600,2.6001688700,2.5816623300,12495313,35072599.0000,2,0.694184,1,0.716845,0
2018-09-05,sh.600025,2.5909156000,2.6094221400,2.5631557900,2.5724090600,2.6001688700,14599614,40816861.0000,2,0.811090,1,-1.067615,0
2018-09-06,sh.600025,2.5631557900,2.6834483000,2.5539025200,2.6001688700,2.5724090600,30664429,86410437.0000,2,1.703579,1,1.079136,0
2018-09-07,sh.600025,2.5816623300,2.6094221400,2.5724090600,2.6001688700,2.6001688700,21982994,61587294.0000,2,1.221277,1,0.000000,0
2018-09-10,sh.600025,2.6001688700,2.6279286800,2.5724090600,2.6094221400,2.6001688700,22394862,62986470.0000,2,1.244159,1,0.355872,0
2018-09-11,sh.600025,2.6094221400,2.6186754100,2.5816623300,2.6001688700,2.6094221400,11992488,33698195.0000,2,0.666249,1,-0.354610,0
2018-09-12,sh.600025,2.6001688700,2.6464352200,2.5909156000,2.6186754100,2.6001688700,17880722,50709529.0000,2,0.993373,1,0.711743,0
2018-09-13,sh.600025,2.6186754100,2.6371819500,2.6001688700,2.6186754100,2.6186754100,15700612,44418894.0000,2,0.872256,1,0.000000,0
2018-09-14,sh.600025,2.6186754100,2.6279286800,2.5909156000,2.6001688700,2.6186754100,12676268,35730360.0000,2,0.704237,1,-0.706713,0
2018-09-17,sh.600025,2.5909156000,2.6001688700,2.5631557900,2.5724090600,2.6001688700,11675377,32495658.0000,2,0.648632,1,-1.067615,0
2018-09-18,sh.600025,2.5631557900,2.6094221400,2.5539025200,2.6001688700,2.5724090600,14724922,41128742.0000,2,0.818051,1,1.079136,0
2018-09-19,sh.600025,2.5909156000,2.6279286800,2.5909156000,2.6186754100,2.6001688700,21707499,61262328.0000,2,1.205972,1,0.711743,0
2018-09-20,sh.600025,2.6094221400,2.6186754100,2.6001688700,2.6001688700,2.6186754100,13199802,37191299.0000,2,0.733322,1,-0.706713,0
2018-09-21,sh.600025,2.6094221400,2.6371819500,2.5909156000,2.6279286800,2.6001688700,26924468,76233390.0000,2,1.495804,1,1.067615,0
2018-09-25,sh.600025,2.6186754100,2.6464352200,2.6001688700,2.6094221400,2.6279286800,22336013,63176582.0000,2,1.240890,1,-0.704225,0
2018-09-26,sh.600025,2.6094221400,2.6371819500,2.6001688700,2.6186754100,2.6094221400,18639046,52832489.0000,2,1.035503,1,0.354610,0
2018-09-27,sh.600025,2.6186754100,2.6279286800,2.5909156000,2.5909156000,2.6186754100,18683648,52617415.0000,2,1.037980,1,-1.060070,0
2018-09-28,sh.600025,2.6001688700,2.6094221400,2.5816623300,2.6094221400,2.5909156000,14154213,39774746.0000,2,0.786345,1,0.714285,0
2018-10-08,sh.600025,2.5816623300,2.5909156000,2.5446492500,2.5446492500,2.6094221400,28623823,79153416.0000,2,1.590212,1,-2.482267,0
2018-10-09,sh.600025,2.5539025200,2.5631557900,2.5446492500,2.5539025200,2.5446492500,11767739,32434019.0000,2,0.653763,1,0.363636,0
2018-10-10,sh.600025,2.5539025200,2.5631557900,2.5353959800,2.5539025200,2.5539025200,11597108,31963887.0000,2,0.644284,1,0.000000,0
2018-10-11,sh.600025,2.5168894400,2.5168894400,2.3133175000,2.3503305800,2.5539025200,38608140,100609725.0000,2,2.144897,1,-7.971015,0
2018-10-12,sh.600025,2.3503305800,2.3595838500,2.2300380700,2.3225707700,2.3503305800,24181779,60245706.0000,2,1.343432,1,-1.181101,0
2018-10-15,sh.600025,2.3225707700,2.3503305800,2.2855576900,2.2855576900,2.3225707700,21277100,53403063.0000,2,1.182061,1,-1.593624,0
2018-10-16,sh.600025,2.2855576900,2.3133175000,2.2485446100,2.2577978800,2.2855576900,13153491,32431447.0000,2,0.730749,1,-1.214574,0
2018-10-17,sh.600025,2.2670511500,2.2948109600,2.2115315300,2.2300380700,2.2577978800,29785016,72298954.0000,2,1.654723,1,-1.229507,0
2018-10-18,sh.600025,2.2207848000,2.2300380700,2.1282521000,2.1375053700,2.2300380700,27603211,65034313.0000,2,1.533512,1,-4.149384,0
2018-10-19,sh.600025,2.1097455600,2.1745184500,2.0634792100,2.1652651800,2.1375053700,26708493,61477947.0000,2,1.483805,1,1.298700,0
2018-10-22,sh.600025,2.1652651800,2.3595838500,2.1652651800,2.3410773100,2.1652651800,66239801,165021132.0000,2,3.679989,1,8.119660,0
2018-10-23,sh.600025,2.3410773100,2.4243567400,2.3225707700,2.3410773100,2.3410773100,43944357,112412333.0000,2,2.441353,1,0.000000,0
2018-10-24,sh.600025,2.3318240400,2.4521165500,2.3318240400,2.4336100100,2.3410773100,56920485,148229045.0000,2,3.162249,1,3.952575,0
2018-10-25,sh.600025,2.3780903900,2.6464352200,2.3595838500,2.5816623300,2.4336100100,107278929,293227415.0000,2,5.959941,1,6.083644,0
2018-10-26,sh.600025,2.5909156000,2.6371819500,2.5539025200,2.6186754100,2.5816623300,66579514,187144876.0000,2,3.698862,1,1.433690,0
2018-10-29,sh.600025,2.6186754100,2.6556884900,2.5631557900,2.6094221400,2.6186754100,47259816,133640325.0000,2,2.625545,1,-0.353357,0
2018-10-30,sh.600025,2.6371819500,2.7852342700,2.6279286800,2.7759810000,2.6094221400,94332733,278724056.0000,2,5.240707,1,6.382981,0
2018-10-31,sh.600025,2.7852342700,2.8037408100,2.7389679200,2.7759810000,2.7759810000,50614500,151551286.0000,2,2.811917,1,0.000000,0
2018-11-01,sh.600025,2.7759810000,2.7852342700,2.7204613800,2.7667277300,2.7759810000,49404600,146792695.0000,2,2.744700,1,-0.333333,0
2018-11-02,sh.600025,2.7667277300,2.7852342700,2.7389679200,2.7759810000,2.7667277300,45136396,134897889.0000,2,2.507578,1,0.334448,0
2018-11-05,sh.600025,2.7667277300,2.8962735100,2.7482211900,2.8777669700,2.7759810000,76565830,235524043.0000,2,4.253657,1,3.666663,0
2018-11-06,sh.600025,2.8500071600,2.8777669700,2.7944875400,2.8592604300,2.8777669700,44716733,137656150.0000,2,2.484263,1,-0.643086,0
2018-11-07,sh.600025,2.8592604300,2.8777669700,2.7852342700,2.7852342700,2.8592604300,45359007,138244930.0000,2,2.519945,1,-2.588995,0
2018-11-08,sh.600025,2.8222473500,2.8500071600,2.8037408100,2.8129940800,2.7852342700,34530572,105207784.0000,2,1.918365,1,0.996677,0
2018-11-09,sh.600025,2.8129940800,2.8315006200,2.7574744600,2.7759810000,2.8129940800,30208526,90962189.0000,2,1.678251,1,-1.315788,0
2018-11-12,sh.600025,2.7944875400,2.8315006200,2.7944875400,2.8315006200,2.7759810000,22105887,67333995.0000,2,1.228105,1,1.999998,0
2018-11-13,sh.600025,2.8037408100,2.8592604300,2.7944875400,2.8315006200,2.8315006200,26983289,82467189.0000,2,1.499072,1,0.000000,0
2018-11-14,sh.600025,2.8222473500,2.8592604300,2.8129940800,2.8500071600,2.8315006200,33427999,102579321.0000,2,1.857111,1,0.653594,0
2018-11-15,sh.600025,2.8315006200,2.8777669700,2.8222473500,2.8777669700,2.8500071600,33907329,104613156.0000,2,1.883741,1,0.974025,0
2018-11-16,sh.600025,2.8685137000,2.8870202400,2.8407538900,2.8685137000,2.8777669700,26316619,81468188.0000,2,1.462034,1,-0.321543,0
2018-11-19,sh.600025,2.8592604300,2.9332865900,2.8407538900,2.9147800500,2.8685137000,49119559,153291650.0000,2,2.728864,1,1.612910,0
2018-11-20,sh.600025,2.8962735100,2.9055267800,2.8037408100,2.8222473500,2.9147800500,44535820,137219776.0000,2,2.474212,1,-3.174608,0
2018-11-21,sh.600025,2.8037408100,2.8315006200,2.7852342700,2.8037408100,2.8222473500,31137382,94328177.0000,2,1.729855,1,-0.655737,0
2018-11-22,sh.600025,2.8037408100,2.8592604300,2.8037408100,2.8407538900,2.8037408100,25109907,77069327.0000,2,1.394995,1,1.320131,0
2018-11-23,sh.600025,2.8315006200,2.8500071600,2.7204613800,2.7204613800,2.8407538900,29305207,87798817.0000,2,1.628067,1,-4.234524,0
2018-11-26,sh.600025,2.7112081100,2.7574744600,2.7019548400,2.7389679200,2.7204613800,15270496,45183293.0000,2,0.848361,1,0.680271,0
2018-11-27,sh.600025,2.7389679200,2.7852342700,2.7389679200,2.7574744600,2.7389679200,20761334,61979363.0000,2,1.153407,1,0.675675,0
2018-11-28,sh.600025,2.7574744600,2.7759810000,2.7297146500,2.7667277300,2.7574744600,13292357,39567553.0000,2,0.738464,1,0.335570,0
2018-11-29,sh.600025,2.7667277300,2.7759810000,2.6649417600,2.6834483000,2.7667277300,18395230,54137768.0000,2,1.021957,1,-3.010031,0
2018-11-30,sh.600025,2.6834483000,2.7019548400,2.6371819500,2.6927015700,2.6834483000,17977036,51899027.0000,2,0.998724,1,0.344827,0
2018-12-03,sh.600025,2.7204613800,2.7852342700,2.7204613800,2.7574744600,2.6927015700,24906883,74396116.0000,2,1.383716,1,2.405496,0
2018-12-04,sh.600025,2.7759810000,2.7852342700,2.7574744600,2.7759810000,2.7574744600,14363449,43009899.0000,2,0.797969,1,0.671140,0
2018-12-05,sh.600025,2.7482211900,2.7574744600,2.7204613800,2.7482211900,2.7759810000,14719372,43672428.0000,2,0.817743,1,-0.999999,0
2018-12-06,sh.600025,2.7482211900,2.7574744600,2.7297146500,2.7389679200,2.7482211900,13380286,39605428.0000,2,0.743349,1,-0.336700,0
2018-12-07,sh.600025,2.7482211900,2.7482211900,2.7019548400,2.7204613800,2.7389679200,12218577,35904519.0000,2,0.678810,1,-0.675675,0
2018-12-10,sh.600025,2.7204613800,2.7759810000,2.7204613800,2.7574744600,2.7204613800,27329478,81233339.0000,2,1.518304,1,1.360543,0
2018-12-11,sh.600025,2.7482211900,2.7574744600,2.7204613800,2.7389679200,2.7574744600,21801062,64410297.0000,2,1.211170,1,-0.671140,0
2018-12-12,sh.600025,2.7667277300,2.7667277300,2.7389679200,2.7574744600,2.7389679200,16267275,48342812.0000,2,0.903738,1,0.675675,0
2018-12-13,sh.600025,2.7389679200,2.8037408100,2.7389679200,2.7944875400,2.7574744600,28067985,84358657.0000,2,1.559333,1,1.342281,0
2018-12-14,sh.600025,2.7759810000,2.7944875400,2.7482211900,2.7482211900,2.7944875400,15952605,47768027.0000,2,0.886256,1,-1.655628,0
2018-12-17,sh.600025,2.7482211900,2.8037408100,2.7482211900,2.8037408100,2.7482211900,24847130,74824379.0000,2,0.278306,1,2.020200,0
2018-12-18,sh.600025,2.8037408100,2.8315006200,2.7667277300,2.8222473500,2.8037408100,31693170,96150646.0000,2,0.354986,1,0.660065,0
2018-12-19,sh.600025,2.8315006200,2.9332865900,2.8222473500,2.8870202400,2.8222473500,41699198,130516667.0000,2,0.467061,1,2.295080,0
2018-12-20,sh.600025,2.8870202400,2.9055267800,2.8592604300,2.8962735100,2.8870202400,26256043,81865094.0000,2,0.294087,1,0.320520,0
2018-12-21,sh.600025,2.9055267800,2.9055267800,2.8407538900,2.8777669700,2.8962735100,28294857,87684657.0000,2,0.316923,1,-0.638985,0
2018-12-24,sh.600025,2.8870202400,2.8962735100,2.8129940800,2.8222473500,2.8777669700,20490027,62867755.0000,2,0.229503,1,-1.929259,0
2018-12-25,sh.600025,2.8315006200,2.8500071600,2.7944875400,2.8407538900,2.8222473500,26602523,81183054.0000,2,0.297967,1,0.655737,0
2018-12-26,sh.600025,2.8500071600,2.8592604300,2.8315006200,2.8315006200,2.8407538900,14500649,44653652.0000,2,0.162418,1,-0.325733,0
2018-12-27,sh.600025,2.8685137000,2.8870202400,2.8500071600,2.8685137000,2.8315006200,23104386,71719602.0000,2,0.258786,1,1.307188,0
2018-12-28,sh.600025,2.8870202400,2.9240333200,2.8592604300,2.9147800500,2.8685137000,25716734,80670280.0000,2,0.288046,1,1.612910,0
2019-01-02,sh.600025,2.9147800500,2.9240333200,2.8592604300,2.9055267800,2.9147800500,25800468,80881737.0000,2,0.288984,1,-0.317460,0
2019-01-03,sh.600025,2.9055267800,2.9147800500,2.8685137000,2.8962735100,2.9055267800,17236125,53878838.0000,2,0.193057,1,-0.318471,0
2019-01-04,sh.600025,2.8962735100,2.9610464000,2.8777669700,2.9425398600,2.8962735100,31268806,98858055.0000,2,0.350233,1,1.597443,0
2019-01-07,sh.600025,2.9702996700,3.0350725600,2.9702996700,3.0258192900,2.9425398600,37385047,121362841.0000,2,0.418739,1,2.830186,0
2019-01-08,sh.600025,3.0073127500,3.1368585300,2.9980594800,3.0998454500,3.0258192900,42801019,142499804.0000,2,0.479402,1,2.446481,0
2019-01-09,sh.600025,3.0813389100,3.2016314200,3.0813389100,3.1368585300,3.0998454500,47259282,161072662.0000,2,0.529338,1,1.194036,0
2019-01-10,sh.600025,3.1276052600,3.1553650700,3.0628323700,3.0813389100,3.1368585300,38402125,128635588.0000,2,0.430131,1,-1.769917,0
2019-01-11,sh.600025,3.0813389100,3.1090987200,3.0443258300,3.0535791000,3.0813389100,22180042,73593846.0000,2,0.248432,1,-0.900900,0
2019-01-14,sh.600025,3.0720856400,3.1183519900,3.0628323700,3.0720856400,3.0535791000,20769684,69402587.0000,2,0.232635,1,0.606060,0
2019-01-15,sh.600025,3.0720856400,3.0998454500,3.0535791000,3.0720856400,3.0720856400,27307141,90611620.0000,2,0.305860,1,0.000000,0
2019-01-16,sh.600025,3.0905921800,3.1183519900,2.9517931300,2.9702996700,3.0720856400,57451774,186843338.0000,2,0.643501,1,-3.313250,0
2019-01-17,sh.600025,2.9888062100,3.0165660200,2.9702996700,2.9888062100,2.9702996700,32348989,104802818.0000,2,0.362332,1,0.623052,0
2019-01-18,sh.600025,2.9888062100,3.0073127500,2.9610464000,2.9795529400,2.9888062100,23168483,74683583.0000,2,0.259504,1,-0.309597,0
2019-01-21,sh.600025,2.9795529400,3.0628323700,2.9795529400,3.0443258300,2.9795529400,28007308,91606687.0000,2,0.313702,1,2.173911,0
2019-01-22,sh.600025,3.0350725600,3.0443258300,3.0073127500,3.0073127500,3.0443258300,15616535,50971945.0000,2,0.174916,1,-1.215804,0
2019-01-23,sh.600025,2.9980594800,3.0350725600,2.9888062100,3.0350725600,3.0073127500,15094176,49186898.0000,2,0.169066,1,0.923076,0
2019-01-24,sh.600025,3.0350725600,3.0443258300,2.9980594800,3.0073127500,3.0350725600,21374094,69579470.0000,2,0.239405,1,-0.914633,0
2019-01-25,sh.600025,3.0073127500,3.0350725600,2.9980594800,3.0165660200,3.0073127500,14949646,48802943.0000,2,0.167447,1,0.307692,0
2019-01-28,sh.600025,3.0720856400,3.0813389100,3.0073127500,3.0258192900,3.0165660200,21357426,70047006.0000,2,0.239218,1,0.306748,0
2019-01-29,sh.600025,3.0073127500,3.0350725600,2.9610464000,3.0165660200,3.0258192900,24128468,78306344.0000,2,0.270256,1,-0.305810,0
2019-01-30,sh.600025,3.0073127500,3.0813389100,3.0073127500,3.0443258300,3.0165660200,22160781,73150078.0000,2,0.248217,1,0.920245,0
2019-01-31,sh.600025,3.0350725600,3.0535791000,2.9610464000,2.9610464000,3.0443258300,29383830,94854371.0000,2,0.329120,1,-2.735560,0
2019-02-01,sh.600025,2.9795529400,3.0535791000,2.9795529400,3.0535791000,2.9610464000,19327821,63134545.0000,2,0.216485,1,3.124997,0
2019-02-11,sh.600025,3.0443258300,3.1183519900,3.0350725600,3.0998454500,3.0535791000,26896444,89879691.0000,2,0.301259,1,1.515150,0
2019-02-12,sh.600025,3.1090987200,3.1368585300,3.0998454500,3.1368585300,3.0998454500,23318544,78761691.0000,2,0.261184,1,1.194036,0
2019-02-13,sh.600025,3.1276052600,3.1553650700,3.1183519900,3.1461118000,3.1368585300,29393472,99827397.0000,2,0.329228,1,0.294985,0
2019-02-14,sh.600025,3.1553650700,3.1738716100,3.1183519900,3.1368585300,3.1461118000,25139200,85163737.0000,2,0.281577,1,-0.294117,0
2019-02-15,sh.600025,3.1276052600,3.1368585300,3.1090987200,3.1090987200,3.1368585300,22184900,74943708.0000,2,0.248487,1,-0.884962,0
2019-02-18,sh.600025,3.1090987200,3.1553650700,3.1090987200,3.1461118000,3.1090987200,25647466,87043471.0000,2,0.287270,1,1.190482,0
2019-02-19,sh.600025,3.1553650700,3.1738716100,3.1183519900,3.1368585300,3.1461118000,34065691,115842934.0000,2,0.381560,1,-0.294117,0
2019-02-20,sh.600025,3.1461118000,3.1553650700,3.1276052600,3.1553650700,3.1368585300,19388123,65855608.0000,2,0.217161,1,0.589970,0
2019-02-21,sh.600025,3.1461118000,3.2849108500,3.1368585300,3.1923781500,3.1553650700,56853497,197751816.0000,2,0.636800,1,1.173019,0
2019-02-22,sh.600025,3.1646183400,3.2293912300,3.1646183400,3.2108846900,3.1923781500,23964495,82759798.0000,2,0.268420,1,0.579710,0
2019-02-25,sh.600025,3.2201379600,3.3126706600,3.1923781500,3.3126706600,3.2108846900,75150838,265247373.0000,2,0.841743,1,3.170026,0
2019-02-26,sh.600025,3.3126706600,3.3774435500,3.2756575800,3.2941641200,3.3126706600,65054523,233137106.0000,2,0.728657,1,-0.558659,0
2019-02-27,sh.600025,3.2849108500,3.3219239300,3.2571510400,3.2756575800,3.2941641200,46619570,165647058.0000,2,0.522173,1,-0.561797,0
2019-02-28,sh.600025,3.2664043100,3.3034173900,3.2201379600,3.2386445000,3.2756575800,39459507,138972691.0000,2,0.441975,1,-1.129943,0
2019-03-01,sh.600025,3.2571510400,3.3126706600,3.2293912300,3.3034173900,3.2386445000,42749480,150948612.0000,2,0.478825,1,1.999998,0
2019-03-04,sh.600025,3.3034173900,3.3589370100,3.2941641200,3.3219239300,3.3034173900,66404419,238802047.0000,2,0.743777,1,0.560223,0
2019-03-05,sh.600025,3.3311772000,3.3959500900,3.3126706600,3.3866968200,3.3219239300,50010992,181302201.0000,2,0.560159,1,1.949866,0
2019-03-06,sh.600025,3.4052033600,3.5810154900,3.3959500900,3.5347491400,3.3866968200,83426263,314361800.0000,2,0.934434,1,4.371581,0
2019-03-07,sh.600025,3.5625089500,3.5902687600,3.4699762500,3.5440024100,3.5347491400,79714319,303972493.0000,2,0.892858,1,0.261780,0
2019-03-08,sh.600025,3.4607229800,3.5254958700,3.3311772000,3.3404304700,3.5440024100,80924000,299593583.0000,2,0.906407,1,-5.744126,0
2019-03-11,sh.600025,3.3496837400,3.4329631700,3.3311772000,3.4052033600,3.3404304700,52282938,191126783.0000,2,0.585606,1,1.939063,0
2019-03-12,sh.600025,3.4237099000,3.5532556800,3.4237099000,3.4607229800,3.4052033600,79814017,300415278.0000,2,0.893974,1,1.630433,0
2019-03-13,sh.600025,3.4422164400,3.4514697100,3.3681902800,3.3774435500,3.4607229800,51558719,189748547.0000,2,0.577495,1,-2.406415,0
2019-03-14,sh.600025,3.3774435500,3.3959500900,3.2941641200,3.3219239300,3.3774435500,44639279,160802189.0000,2,0.499992,1,-1.643841,0
2019-03-15,sh.600025,3.3219239300,3.4052033600,3.3219239300,3.3496837400,3.3219239300,31644001,114823630.0000,2,0.354435,1,0.835654,0
2019-03-18,sh.600025,3.3589370100,3.4422164400,3.3404304700,3.4329631700,3.3496837400,36615916,134692090.0000,2,0.410125,1,2.486192,0
2019-03-19,sh.600025,3.4422164400,3.5532556800,3.4422164400,3.4699762500,3.4329631700,49123387,185161869.0000,2,0.550217,1,1.078166,0
2019-03-20,sh.600025,3.4792295200,3.4884827900,3.4329631700,3.4884827900,3.4699762500,35747990,133551638.0000,2,0.400403,1,0.533333,0
2019-03-21,sh.600025,3.4792295200,3.6180285700,3.4699762500,3.5717622200,3.4884827900,76012224,292241519.0000,2,0.851391,1,2.387266,0
2019-03-22,sh.600025,3.5717622200,3.6920547300,3.5532556800,3.6920547300,3.5717622200,86960266,341489694.0000,2,0.974017,1,3.367879,0
2019-03-25,sh.600025,3.6642949200,3.7845874300,3.6087753000,3.6272818400,3.6920547300,75065720,300596959.0000,2,0.840790,1,-1.754384,0
2019-03-26,sh.600025,3.6642949200,3.7475743500,3.6272818400,3.6550416500,3.6272818400,64096938,255239939.0000,2,0.717932,1,0.765305,0
2019-03-27,sh.600025,3.6828014600,3.7660808900,3.6735481900,3.7290678100,3.6550416500,53289158,214075591.0000,2,0.596877,1,2.025321,0
2019-03-28,sh.600025,3.7383210800,3.7383210800,3.6735481900,3.7105612700,3.7290678100,45722509,183087056.0000,2,0.512125,1,-0.496277,0
2019-03-29,sh.600025,3.7290678100,3.8123472400,3.7105612700,3.7938407000,3.7105612700,67843243,276985720.0000,2,0.759893,1,2.244381,0
2019-04-01,sh.600025,3.8123472400,3.9326397500,3.8123472400,3.9326397500,3.7938407000,73341149,307891151.0000,2,0.821473,1,3.658539,0
2019-04-02,sh.600025,3.9418930200,4.0344257200,3.8863734000,3.9233864800,3.9326397500,65674618,279430624.0000,2,0.735603,1,-0.235299,0
2019-04-03,sh.600025,3.9974126400,4.1362116900,3.9696528300,4.1362116900,3.9233864800,101774193,446908222.0000,2,1.139944,1,5.424529,0
2019-04-04,sh.600025,4.2009845800,4.3027705500,4.1362116900,4.2472509300,4.1362116900,86409898,392678037.0000,2,0.967853,1,2.684572,0
2019-04-08,sh.600025,4.2472509300,4.2842640100,3.9418930200,4.0344257200,4.2472509300,105318225,463303684.0000,2,1.179640,1,-5.010893,0
2019-04-09,sh.600025,4.0714388000,4.0991986100,3.9603995600,4.0066659100,4.0344257200,51001603,220845646.0000,2,0.571255,1,-0.688078,0
2019-04-10,sh.600025,3.9881593700,3.9881593700,3.8493603200,3.8956266700,4.0066659100,67769695,285560948.0000,2,0.759069,1,-2.771360,0
2019-04-11,sh.600025,3.8956266700,3.9511462900,3.8493603200,3.8863734000,3.8956266700,39054386,164558528.0000,2,0.437437,1,-0.237535,0
2019-04-12,sh.600025,3.8678668600,3.9141332100,3.8493603200,3.8863734000,3.8863734000,35336703,147961110.0000,2,0.395796,1,0.000000,0
2019-04-15,sh.600025,3.9048799400,3.9511462900,3.8030939700,3.8123472400,3.8863734000,45703071,191871254.0000,2,0.511907,1,-1.904760,0
2019-04-16,sh.600025,3.8123472400,3.8493603200,3.7013080000,3.8493603200,3.8123472400,57040653,231650679.0000,2,0.638896,1,0.970873,0
2019-04-17,sh.600025,3.8401070500,3.9141332100,3.8030939700,3.8771201300,3.8493603200,41333166,171879107.0000,2,0.462961,1,0.721159,0
2019-04-18,sh.600025,3.8678668600,3.8771201300,3.8123472400,3.8308537800,3.8771201300,21203804,87880625.0000,2,0.237498,1,-1.193322,0
2019-04-19,sh.600025,3.8401070500,3.8401070500,3.7290678100,3.8030939700,3.8308537800,38503678,156859760.0000,2,0.431269,1,-0.724631,0
2019-04-22,sh.600025,3.7938407000,3.8030939700,3.7383210800,3.7475743500,3.8030939700,28262481,115076526.0000,2,0.316560,1,-1.459853,0
2019-04-23,sh.600025,3.7568276200,3.7660808900,3.7105612700,3.7290678100,3.7475743500,23369022,94321361.0000,2,0.261750,1,-0.493827,0
2019-04-24,sh.600025,3.7568276200,3.8216005100,3.7383210800,3.8216005100,3.7290678100,36371603,148922243.0000,2,0.407388,1,2.481387,0
2019-04-25,sh.600025,3.8308537800,3.8401070500,3.7383210800,3.7568276200,3.8216005100,34172520,140352731.0000,2,0.382757,1,-1.694919,0
2019-04-26,sh.600025,3.7753341600,3.8863734000,3.7198145400,3.8771201300,3.7568276200,62253140,258204700.0000,2,0.697280,1,3.201973,0
2019-04-29,sh.600025,3.8678668600,3.9048799400,3.8308537800,3.8678668600,3.8771201300,50173921,210015096.0000,2,0.561984,1,-0.238669,0
2019-04-30,sh.600025,3.8401070500,3.8678668600,3.7660808900,3.7845874300,3.8678668600,33238553,137603387.0000,2,0.372296,1,-2.153102,0
2019-05-06,sh.600025,3.7105612700,3.7198145400,3.5347491400,3.6087753000,3.7845874300,58612017,228811046.0000,2,0.656497,1,-4.645478,0
2019-05-07,sh.600025,3.6365351100,3.6550416500,3.5810154900,3.6180285700,3.6087753000,27587647,107749624.0000,2,0.309001,1,0.256410,0
2019-05-08,sh.600025,3.5717622200,3.6642949200,3.4884827900,3.6087753000,3.6180285700,26532188,102978260.0000,2,0.297180,1,-0.255754,0
2019-05-09,sh.600025,3.5810154900,3.6180285700,3.4237099000,3.4607229800,3.6087753000,35763814,136187091.0000,2,0.400580,1,-4.102566,0
2019-05-10,sh.600025,3.4884827900,3.5995220300,3.4699762500,3.5810154900,3.4607229800,29915023,114288490.0000,2,0.335070,1,3.475932,0
2019-05-13,sh.600025,3.5625089500,3.5902687600,3.5347491400,3.5440024100,3.5810154900,14729763,56652473.0000,2,0.164984,1,-1.033591,0
2019-05-14,sh.600025,3.5069893300,3.5532556800,3.4792295200,3.5069893300,3.5440024100,19159995,72740742.0000,2,0.214606,1,-1.044385,0
2019-05-15,sh.600025,3.5254958700,3.5717622200,3.5254958700,3.5625089500,3.5069893300,18362968,70457660.0000,2,0.205678,1,1.583112,0
2019-05-16,sh.600025,3.5440024100,3.5995220300,3.5440024100,3.5902687600,3.5625089500,15831215,61205912.0000,2,0.177321,1,0.779226,0
2019-05-17,sh.600025,3.6087753000,3.6087753000,3.4977360600,3.5254958700,3.5902687600,26903755,102894643.0000,2,0.301341,1,-1.804128,0
2019-05-20,sh.600025,3.5069893300,3.5254958700,3.4514697100,3.4884827900,3.5254958700,14454658,54488349.0000,2,0.161903,1,-1.049868,0
2019-05-21,sh.600025,3.4792295200,3.5440024100,3.4699762500,3.5347491400,3.4884827900,12323577,46896223.0000,2,0.138033,1,1.326259,0
2019-05-22,sh.600025,3.5440024100,3.5440024100,3.4977360600,3.5069893300,3.5347491400,10818784,41071641.0000,2,0.121178,1,-0.785340,0
2019-05-23,sh.600025,3.5069893300,3.5254958700,3.4514697100,3.4884827900,3.5069893300,10117210,38139938.0000,2,0.113320,1,-0.527704,0
2019-05-24,sh.600025,3.4699762500,3.5069893300,3.4607229800,3.4699762500,3.4884827900,9522340,35765319.0000,2,0.106657,1,-0.530504,0
2019-05-27,sh.600025,3.4699762500,3.5162426000,3.4514697100,3.5069893300,3.4699762500,11835255,44623077.0000,2,0.132563,1,1.066666,0
2019-05-28,sh.600025,3.5069893300,3.5347491400,3.4884827900,3.5069893300,3.5069893300,10329340,39250882.0000,2,0.115696,1,0.000000,0
2019-05-29,sh.600025,3.5069893300,3.5995220300,3.4884827900,3.5810154900,3.5069893300,22959732,88380904.0000,2,0.257165,1,2.110816,0
2019-05-30,sh.600025,3.5625089500,3.7568276200,3.5532556800,3.7290678100,3.5810154900,36942785,147269753.0000,2,0.413786,1,4.134376,0
2019-05-31,sh.600025,3.7105612700,3.7475743500,3.6828014600,3.7383210800,3.7290678100,21202975,85314422.0000,2,0.237489,1,0.248133,0
2019-06-03,sh.600025,3.7290678100,3.7938407000,3.7105612700,3.7568276200,3.7383210800,23011491,93419329.0000,2,0.257745,1,0.495049,0
2019-06-04,sh.600025,3.7568276200,3.7845874300,3.6920547300,3.7013080000,3.7568276200,19394045,78027130.0000,2,0.217227,1,-1.477831,0
2019-06-05,sh.600025,3.7383210800,3.7475743500,3.7013080000,3.7198145400,3.7013080000,13246270,53353090.0000,2,0.148368,1,0.499999,0
2019-06-06,sh.600025,3.7198145400,3.7290678100,3.6920547300,3.6920547300,3.7198145400,15121387,60616054.0000,2,0.169370,1,-0.746268,0
2019-06-10,sh.600025,3.7105612700,3.7938407000,3.7105612700,3.7753341600,3.6920547300,24602242,100083423.0000,2,0.275563,1,2.255637,0
2019-06-11,sh.600025,3.7660808900,3.8586135900,3.7660808900,3.8401070500,3.7753341600,29718142,123206234.0000,2,0.332864,1,1.715690,0
2019-06-12,sh.600025,3.8401070500,3.8401070500,3.7845874300,3.8123472400,3.8401070500,16963262,69742720.0000,2,0.190001,1,-0.722897,0
2019-06-13,sh.600025,3.8123472400,3.8123472400,3.7660808900,3.8030939700,3.8123472400,14797704,60642323.0000,2,0.165745,1,-0.242712,0
2019-06-14,sh.600025,3.8030939700,3.8216005100,3.7660808900,3.7753341600,3.8030939700,13524025,55459804.0000,2,0.151479,1,-0.729932,0
2019-06-17,sh.600025,3.7660808900,3.8030939700,3.7568276200,3.7660808900,3.7753341600,11143865,45494249.0000,2,0.124819,1,-0.245092,0
2019-06-18,sh.600025,3.7753341600,3.7845874300,3.7198145400,3.7383210800,3.7660808900,15601396,63178840.0000,2,0.174747,1,-0.737106,0
2019-06-19,sh.600025,3.8030939700,3.8216005100,3.7475743500,3.7475743500,3.7383210800,20187977,82337370.0000,2,0.226120,1,0.247530,0
2019-06-20,sh.600025,3.7290678100,3.8123472400,3.7105612700,3.7568276200,3.7475743500,34935025,141884144.0000,2,0.391297,1,0.246907,0
2019-06-21,sh.600025,3.7660808900,3.7753341600,3.7290678100,3.7475743500,3.7568276200,34052726,137992935.0000,2,0.381415,1,-0.246299,0
2019-06-24,sh.600025,3.7660808900,3.7753341600,3.7383210800,3.7753341600,3.7475743500,22111621,89837638.0000,2,0.247666,1,0.740734,0
2019-06-25,sh.600025,3.7660808900,3.7660808900,3.7105612700,3.7383210800,3.7753341600,27884191,112698207.0000,2,0.312323,1,-0.980391,0
2019-06-26,sh.600025,3.7198145400,3.7753341600,3.7198145400,3.7660808900,3.7383210800,16194482,65695113.0000,2,0.181390,1,0.742579,0
2019-06-27,sh.600025,3.7845874300,3.8123472400,3.7660808900,3.8030939700,3.7660808900,28454979,116604291.0000,2,0.318716,1,0.982800,0
2019-06-28,sh.600025,3.8123472400,3.8308537800,3.7660808900,3.7660808900,3.8030939700,16817488,68734620.0000,2,0.188368,1,-0.973235,0
2019-07-01,sh.600025,3.8123472400,3.8308537800,3.7660808900,3.8030939700,3.7660808900,32702346,134151374.0000,2,0.366290,1,0.982800,0
2019-07-02,sh.600025,3.7938407000,3.8123472400,3.7475743500,3.8123472400,3.8030939700,32592538,133637177.0000,2,0.365060,1,0.243303,0
2019-07-03,sh.600025,3.8030939700,3.8863734000,3.7938407000,3.8863734000,3.8123472400,45465257,189397675.0000,2,0.509243,1,1.941746,0
2019-07-04,sh.600025,3.8771201300,3.9696528300,3.8678668600,3.9511462900,3.8863734000,47852046,203636106.0000,2,0.535977,1,1.666671,0
2019-07-05,sh.600025,4.0566376800,4.0662278400,3.8936049600,3.9799164000,3.9511459200,51066538,211032851.0000,2,0.571982,1,0.728160,0
2019-07-08,sh.600025,3.9607360800,3.9703262400,3.8552443200,3.9031951200,3.9799164000,36656300,149049727.0000,2,0.410577,1,-1.927709,0
2019-07-09,sh.600025,3.8936049600,3.9415557600,3.8744246400,3.9223754400,3.9031951200,16919748,69078410.0000,2,0.189513,1,0.491400,0
2019-07-10,sh.600025,3.9415557600,4.0662278400,3.9031951200,4.0182770400,3.9223754400,40992529,170730563.0000,2,0.459146,1,2.444985,0
2019-07-11,sh.600025,4.0374573600,4.1237688000,4.0086868800,4.0662278400,4.0182770400,35077360,148542984.0000,2,0.392892,1,1.193311,0
2019-07-12,sh.600025,4.0854081600,4.0949983200,4.0278672000,4.0374573600,4.0662278400,21927072,92664162.0000,2,0.245599,1,-0.707541,0
2019-07-15,sh.600025,4.0566376800,4.1045884800,4.0278672000,4.1045884800,4.0374573600,34849636,148410690.0000,2,0.390341,1,1.662712,0
2019-07-16,sh.600025,4.1237688000,4.2484408800,4.1141786400,4.2388507200,4.1045884800,55898059,245618042.0000,2,0.626098,1,3.271025,0
2019-07-17,sh.600025,4.2580310400,4.2676212000,4.1813097600,4.2292605600,4.2388507200,39924197,175610683.0000,2,0.447180,1,-0.226249,0
2019-07-18,sh.600025,4.2196704000,4.2484408800,4.1717196000,4.2100802400,4.2292605600,26589722,116723985.0000,2,0.297824,1,-0.453514,0
2019-07-19,sh.600025,4.2196704000,4.3539326400,4.2196704000,4.3443424800,4.2100802400,56821684,255436496.0000,2,0.636444,1,3.189074,0
2019-07-22,sh.600025,4.3251621600,4.4402440800,4.2868015200,4.4018834400,4.3443424800,58100267,265004465.0000,2,0.650765,1,1.324502,0
2019-07-23,sh.600025,4.3922932800,4.5361456800,4.3922932800,4.5169653600,4.4018834400,57590505,268891209.0000,2,0.645055,1,2.614377,0
2019-07-24,sh.600025,4.5265555200,4.5649161600,4.3922932800,4.4114736000,4.5169653600,74639892,347993467.0000,2,0.836020,1,-2.335459,0
2019-07-25,sh.600025,4.4018834400,4.4210637600,4.3347523200,4.4210637600,4.4114736000,77829413,355145281.0000,2,0.871745,1,0.217396,0
2019-07-26,sh.600025,4.4114736000,4.5649161600,4.3827031200,4.5457358400,4.4210637600,75830140,356564222.0000,2,0.849400,1,2.819900,0
2019-07-29,sh.600025,4.5457358400,4.6320472800,4.5265555200,4.5745063200,4.5457358400,42459913,202666135.0000,2,0.475581,1,0.632916,0
2019-07-30,sh.600025,4.5840964800,4.6704079200,4.5745063200,4.6224571200,4.5745063200,40834287,197109531.0000,2,0.457400,1,1.048200,0
2019-07-31,sh.600025,4.6224571200,4.6320472800,4.5265555200,4.5361456800,4.6224571200,46269510,220128958.0000,2,0.518300,1,-1.867200,0
2019-08-01,sh.600025,4.5265555200,4.6032768000,4.5169653600,4.5361456800,4.5361456800,41131787,195595464.0000,2,0.460700,1,0.000000,0
2019-08-02,sh.600025,4.4881948800,4.5745063200,4.4114736000,4.5745063200,4.5361456800,50168819,235553228.0000,2,0.561900,1,0.845700,0
2019-08-05,sh.600025,4.5649161600,4.6128669600,4.4018834400,4.4210637600,4.5745063200,55751747,262121332.0000,2,0.624500,1,-3.354300,0
2019-08-06,sh.600025,4.3539326400,4.4498342400,4.3155720000,4.3539326400,4.4210637600,80030286,365112543.0000,2,0.896400,1,-1.518400,0
2019-08-07,sh.600025,4.4114736000,4.4210637600,4.3155720000,4.3155720000,4.3539326400,40926243,185736193.0000,2,0.458400,1,-0.881100,0
2019-08-08,sh.600025,4.3251621600,4.3731129600,4.2868015200,4.3347523200,4.3155720000,34262866,155073362.0000,2,0.383800,1,0.444400,0
2019-08-09,sh.600025,4.3827031200,4.4498342400,4.3539326400,4.3731129600,4.3347523200,33639798,153968234.0000,2,0.376800,1,0.885000,0
2019-08-12,sh.600025,4.3443424800,4.4114736000,4.3347523200,4.3827031200,4.3731129600,25755509,117227729.0000,2,0.288500,1,0.219300,0
2019-08-13,sh.600025,4.3635228000,4.3827031200,4.3155720000,4.3443424800,4.3827031200,19708313,89309318.0000,2,0.220700,1,-0.875300,0
2019-08-14,sh.600025,4.3827031200,4.3922932800,4.3347523200,4.3443424800,4.3443424800,21863365,99553950.0000,2,0.244900,1,0.000000,0
2019-08-15,sh.600025,4.2963916800,4.3827031200,4.2772113600,4.3731129600,4.3443424800,23213980,104951025.0000,2,0.260000,1,0.662200,0
2019-08-16,sh.600025,4.3827031200,4.4402440800,4.3443424800,4.4210637600,4.3731129600,31857045,145864749.0000,2,0.356800,1,1.096500,0
2019-08-19,sh.600025,4.4498342400,4.6128669600,4.4306539200,4.6032768000,4.4210637600,52032324,246618843.0000,2,0.582800,1,4.121500,0
2019-08-20,sh.600025,4.5936866400,4.6991784000,4.5649161600,4.6320472800,4.6032768000,47106506,228198237.0000,2,0.527600,1,0.625000,0
2019-08-21,sh.600025,4.6512276000,4.6895882400,4.6032768000,4.6224571200,4.6320472800,37997365,184053473.0000,2,0.425600,1,-0.207000,0
2019-08-22,sh.600025,4.6512276000,4.6704079200,4.5457358400,4.6032768000,4.6224571200,35940179,172640273.0000,2,0.402600,1,-0.414900,0
2019-08-23,sh.600025,4.7567193600,4.7567193600,4.4690145600,4.5265555200,4.6032768000,102125921,490434728.0000,2,1.143900,1,-1.666700,0
2019-08-26,sh.600025,4.4402440800,4.6320472800,4.4114736000,4.5745063200,4.5265555200,81359187,385385651.0000,2,0.911300,1,1.059300,0
2019-08-27,sh.600025,4.6032768000,4.6704079200,4.5745063200,4.6512276000,4.5745063200,52448661,253637814.0000,2,0.587500,1,1.677100,0
2019-08-28,sh.600025,4.6704079200,4.6799980800,4.5840964800,4.6320472800,4.6512276000,34293662,165805846.0000,2,0.384100,1,-0.412400,0
2019-08-29,sh.600025,4.6320472800,4.6608177600,4.4690145600,4.5073752000,4.6320472800,54918754,260675868.0000,2,0.615100,1,-2.691500,0
2019-08-30,sh.600025,4.5361456800,4.5361456800,4.3539326400,4.3731129600,4.5073752000,69012374,318404172.0000,2,0.773000,1,-2.978700,0
2019-09-02,sh.600025,4.3922932800,4.5169653600,4.3443424800,4.3922932800,4.3731129600,60662024,280228520.0000,2,0.679500,1,0.438600,0
2019-09-03,sh.600025,4.4114736000,4.4690145600,4.3827031200,4.4594244000,4.3922932800,41305859,191413023.0000,2,0.462700,1,1.528400,0
2019-09-04,sh.600025,4.4690145600,4.4690145600,4.3443424800,4.3731129600,4.4594244000,55753932,254503311.0000,2,0.624500,1,-1.935500,0
2019-09-05,sh.600025,4.4018834400,4.4114736000,4.3347523200,4.3635228000,4.3731129600,55959121,255129119.0000,2,0.626800,1,-0.219300,0
2019-09-06,sh.600025,4.3635228000,4.4306539200,4.3443424800,4.3922932800,4.3635228000,50218392,229759821.0000,2,0.562500,1,0.659300,0
2019-09-09,sh.600025,4.4114736000,4.4210637600,4.3347523200,4.3635228000,4.3922932800,50344670,229141810.0000,2,0.563900,1,-0.655000,0
2019-09-10,sh.600025,4.3635228000,4.3827031200,4.3251621600,4.3635228000,4.3635228000,30865309,140284773.0000,2,0.345700,1,0.000000,0
2019-09-11,sh.600025,4.3731129600,4.3827031200,4.3155720000,4.3347523200,4.3635228000,34940308,157992350.0000,2,0.391400,1,-0.659300,0
2019-09-12,sh.600025,4.3251621600,4.3347523200,4.2676212000,4.2868015200,4.3347523200,37866877,169175114.0000,2,0.424100,1,-1.106200,0
2019-09-16,sh.600025,4.2868015200,4.3347523200,4.2388507200,4.3059818400,4.2868015200,40416197,181165331.0000,2,0.452700,1,0.447400,0
2019-09-17,sh.600025,4.2963916800,4.3251621600,4.2484408800,4.2580310400,4.3059818400,35837006,160297985.0000,2,0.401400,1,-1.113600,0
2019-09-18,sh.600025,4.2772113600,4.2868015200,4.1908999200,4.2004900800,4.2580310400,39560015,174706530.0000,2,0.443100,1,-1.351400,0
2019-09-19,sh.600025,4.2196704000,4.2292605600,4.1237688000,4.1717196000,4.2004900800,36621873,159079457.0000,2,0.410200,1,-0.684900,0
2019-09-20,sh.600025,4.1717196000,4.3539326400,4.1621294400,4.3059818400,4.1717196000,55483888,247780295.0000,2,0.621500,1,3.218400,0
2019-09-23,sh.600025,4.3155720000,4.3443424800,4.2484408800,4.2868015200,4.3059818400,50748363,227283223.0000,2,0.568400,1,-0.445400,0
2019-09-24,sh.600025,4.2868015200,4.2963916800,4.2292605600,4.2484408800,4.2868015200,37986365,168632541.0000,2,0.425500,1,-0.894900,0
2019-09-25,sh.600025,4.2580310400,4.2772113600,4.2196704000,4.2196704000,4.2484408800,26919241,119105343.0000,2,0.301500,1,-0.677200,0
2019-09-26,sh.600025,4.2484408800,4.2484408800,4.1333589600,4.1813097600,4.2196704000,31502452,137599691.0000,2,0.352900,1,-0.909100,0
2019-09-27,sh.600025,4.1908999200,4.1908999200,4.0662278400,4.0758180000,4.1813097600,35300318,151388447.0000,2,0.395400,1,-2.522900,0
2019-09-30,sh.600025,4.0662278400,4.1333589600,4.0566376800,4.0662278400,4.0758180000,19446985,82954969.0000,2,0.217800,1,-0.235300,0
2019-10-08,sh.600025,4.0662278400,4.1141786400,4.0566376800,4.0949983200,4.0662278400,16296579,69563635.0000,2,0.182500,1,0.707600,0
2019-10-09,sh.600025,4.0854081600,4.2292605600,4.0470475200,4.2196704000,4.0949983200,36813481,160289389.0000,2,0.412300,1,3.044500,0
2019-10-10,sh.600025,4.2100802400,4.3539326400,4.2100802400,4.3251621600,4.2196704000,43184754,194136771.0000,2,0.483700,1,2.500000,0
2019-10-11,sh.600025,4.3059818400,4.3539326400,4.2868015200,4.3155720000,4.3251621600,25013111,112389718.0000,2,0.280200,1,-0.221700,0
2019-10-14,sh.600025,4.3155720000,4.3443424800,4.2388507200,4.2580310400,4.3155720000,42431839,189362354.0000,2,0.475300,1,-1.333300,0
2019-10-15,sh.600025,4.2580310400,4.2772113600,4.2292605600,4.2484408800,4.2580310400,21152114,93929526.0000,2,0.236900,1,-0.225200,0
2019-10-16,sh.600025,4.2484408800,4.2772113600,4.2196704000,4.2676212000,4.2484408800,20797357,92237169.0000,2,0.232900,1,0.451500,0
2019-10-17,sh.600025,4.2484408800,4.2676212000,4.2100802400,4.2292605600,4.2676212000,17318841,76569783.0000,2,0.194000,1,-0.898900,0
2019-10-18,sh.600025,4.2388507200,4.2484408800,4.0758180000,4.1045884800,4.2292605600,38012126,164213719.0000,2,0.425800,1,-2.947800,0
2019-10-21,sh.600025,4.1045884800,4.1429491200,4.0662278400,4.0949983200,4.1045884800,22963401,97992365.0000,2,0.257200,1,-0.233700,0
2019-10-22,sh.600025,4.1237688000,4.2388507200,4.1141786400,4.2292605600,4.0949983200,29113383,126784056.0000,2,0.326100,1,3.278700,0
2019-10-23,sh.600025,4.2292605600,4.2676212000,4.1333589600,4.1717196000,4.2292605600,28028363,122788940.0000,2,0.313900,1,-1.360500,0
2019-10-24,sh.600025,4.1621294400,4.1908999200,4.1333589600,4.1621294400,4.1717196000,18774505,81488088.0000,2,0.210300,1,-0.229900,0
2019-10-25,sh.600025,4.1525392800,4.2388507200,4.1429491200,4.2196704000,4.1621294400,18734141,81894562.0000,2,0.209800,1,1.382500,0
2019-10-28,sh.600025,4.2100802400,4.2484408800,4.2004900800,4.2388507200,4.2196704000,18238772,80383489.0000,2,0.204300,1,0.454500,0
2019-10-29,sh.600025,4.3443424800,4.3922932800,4.2676212000,4.2963916800,4.2388507200,47269655,212753915.0000,2,0.529500,1,1.357500,0
2019-10-30,sh.600025,4.2963916800,4.3539326400,4.2772113600,4.3539326400,4.2963916800,35453693,159808152.0000,2,0.397100,1,1.339300,0
2019-10-31,sh.600025,4.3827031200,4.3827031200,4.2772113600,4.2772113600,4.3539326400,31170807,140497475.0000,2,0.349100,1,-1.762100,0
2019-11-01,sh.600025,4.2676212000,4.4402440800,4.2292605600,4.3635228000,4.2772113600,53636971,242541768.0000,2,0.600800,1,2.017900,0
2019-11-04,sh.600025,4.3731129600,4.3827031200,4.3251621600,4.3539326400,4.3635228000,37255890,168705994.0000,2,0.417300,1,-0.219800,0
2019-11-05,sh.600025,4.3635228000,4.3635228000,4.2772113600,4.3251621600,4.3539326400,36713361,165118209.0000,2,0.411200,1,-0.660800,0
2019-11-06,sh.600025,4.3251621600,4.3347523200,4.2868015200,4.3059818400,4.3251621600,23058846,103699132.0000,2,0.258300,1,-0.443500,0
2019-11-07,sh.600025,4.2963916800,4.3251621600,4.2580310400,4.2676212000,4.3059818400,24665600,110175811.0000,2,0.276300,1,-0.890900,0
2019-11-08,sh.600025,4.2676212000,4.3059818400,4.2676212000,4.2868015200,4.2676212000,20783890,92927358.0000,2,0.232800,1,0.449400,0
2019-11-11,sh.600025,4.2772113600,4.2963916800,4.1621294400,4.1621294400,4.2868015200,31258599,136960807.0000,2,0.350100,1,-2.908300,0
2019-11-12,sh.600025,4.1717196000,4.2100802400,4.1429491200,4.1908999200,4.1621294400,15704733,68395802.0000,2,0.175900,1,0.691200,0
2019-11-13,sh.600025,4.1908999200,4.2100802400,4.1525392800,4.1908999200,4.1908999200,20024321,87279507.0000,2,0.224300,1,0.000000,0
2019-11-14,sh.600025,4.1813097600,4.2004900800,4.1429491200,4.1621294400,4.1908999200,19469584,84586524.0000,2,0.218100,1,-0.686500,0
2019-11-15,sh.600025,4.1621294400,4.1813097600,4.1045884800,4.1141786400,4.1621294400,17258114,74338187.0000,2,0.193300,1,-1.152100,0
2019-11-18,sh.600025,4.1045884800,4.1141786400,4.0758180000,4.0949983200,4.1141786400,19477366,83155008.0000,2,0.218200,1,-0.466200,0
2019-11-19,sh.600025,4.0949983200,4.1237688000,4.0662278400,4.1045884800,4.0949983200,25645831,109606823.0000,2,0.287300,1,0.234200,0
2019-11-20,sh.600025,4.0949983200,4.0949983200,4.0470475200,4.0662278400,4.1045884800,18197255,77335239.0000,2,0.203800,1,-0.934600,0
2019-11-21,sh.600025,4.0374573600,4.0374573600,3.9799164000,4.0278672000,4.0662278400,26654795,111489591.0000,2,0.298600,1,-0.943400,0
2019-11-22,sh.600025,4.0278672000,4.0662278400,3.9990967200,4.0182770400,4.0278672000,18481412,77650226.0000,2,0.207000,1,-0.238100,0
2019-11-25,sh.600025,4.0182770400,4.0662278400,3.9990967200,4.0662278400,4.0182770400,20572045,86536074.0000,2,0.230400,1,1.193300,0
2019-11-26,sh.600025,4.0662278400,4.1045884800,4.0566376800,4.0758180000,4.0662278400,19931177,84795667.0000,2,0.223200,1,0.235900,0
2019-11-27,sh.600025,4.0758180000,4.0949983200,4.0566376800,4.0758180000,4.0758180000,13236993,56233058.0000,2,0.148300,1,0.000000,0
2019-11-28,sh.600025,4.0758180000,4.0758180000,4.0086868800,4.0374573600,4.0758180000,13172329,55501393.0000,2,0.147500,1,-0.941200,0
2019-11-29,sh.600025,4.0278672000,4.0374573600,3.9799164000,4.0086868800,4.0374573600,15189563,63465335.0000,2,0.170100,1,-0.712600,0
2019-12-02,sh.600025,4.0086868800,4.1045884800,3.9990967200,4.0949983200,4.0086868800,30488713,129536395.0000,2,0.341500,1,2.153100,0
2019-12-03,sh.600025,4.1045884800,4.1717196000,4.0758180000,4.1717196000,4.0949983200,31182674,134223733.0000,2,0.349300,1,1.873500,0
2019-12-04,sh.600025,4.1525392800,4.2196704000,4.1525392800,4.1717196000,4.1717196000,24324272,106111843.0000,2,0.272400,1,0.000000,0
2019-12-05,sh.600025,4.1717196000,4.2196704000,4.1621294400,4.1813097600,4.1717196000,19408191,84870991.0000,2,0.217400,1,0.229900,0
2019-12-06,sh.600025,4.1908999200,4.2100802400,4.1333589600,4.1621294400,4.1813097600,19076650,82777157.0000,2,0.213700,1,-0.458700,0
2019-12-09,sh.600025,4.1717196000,4.1813097600,4.1141786400,4.1525392800,4.1621294400,23182948,100002237.0000,2,0.259700,1,-0.230400,0
2019-12-10,sh.600025,4.1333589600,4.1717196000,4.1237688000,4.1429491200,4.1525392800,20494963,88633104.0000,2,0.229600,1,-0.230900,0
2019-12-11,sh.600025,4.1621294400,4.1621294400,4.0854081600,4.1237688000,4.1429491200,25601862,110076962.0000,2,0.286800,1,-0.463000,0
2019-12-12,sh.600025,4.1237688000,4.1429491200,4.0854081600,4.0949983200,4.1237688000,21470288,91835570.0000,2,0.240500,1,-0.697700,0
2019-12-13,sh.600025,4.1141786400,4.1333589600,4.0854081600,4.1141786400,4.0949983200,51096035,218698478.0000,2,0.572300,1,0.468400,0
2019-12-16,sh.600025,4.1141786400,4.2100802400,4.1045884800,4.2004900800,4.1141786400,42417977,183684975.0000,2,0.475100,1,2.097900,0
2019-12-17,sh.600025,4.1908999200,4.2196704000,4.1621294400,4.2004900800,4.2004900800,33997051,148666987.0000,2,0.380800,1,0.000000,0
2019-12-18,sh.600025,4.2100802400,4.2100802400,4.1333589600,4.1525392800,4.2004900800,30819682,133878378.0000,2,0.345200,1,-1.141600,0
2019-12-19,sh.600025,4.1333589600,4.1621294400,4.1237688000,4.1525392800,4.1525392800,27978540,120627828.0000,2,0.313400,1,0.000000,0
2019-12-20,sh.600025,4.1525392800,4.1525392800,4.0758180000,4.0854081600,4.1525392800,39678069,169783012.0000,2,0.444400,1,-1.616600,0
2019-12-23,sh.600025,4.0854081600,4.0949983200,4.0374573600,4.0374573600,4.0854081600,28718302,121595619.0000,2,0.321700,1,-1.173700,0
2019-12-24,sh.600025,4.0470475200,4.0566376800,4.0182770400,4.0374573600,4.0374573600,27174693,114360646.0000,2,0.304400,1,0.000000,0
2019-12-25,sh.600025,4.0278672000,4.0470475200,4.0086868800,4.0278672000,4.0374573600,18555012,77890272.0000,2,0.207800,1,-0.237500,0
2019-12-26,sh.600025,4.0278672000,4.0566376800,4.0182770400,4.0566376800,4.0278672000,21920462,92488769.0000,2,0.245500,1,0.714300,0
2019-12-27,sh.600025,4.0566376800,4.0758180000,4.0470475200,4.0566376800,4.0566376800,29536406,125038863.0000,2,0.330800,1,0.000000,0
2019-12-30,sh.600025,4.0566376800,4.0662278400,3.9895065600,4.0662278400,4.0566376800,29915655,125867248.0000,2,0.335100,1,0.236400,0
2019-12-31,sh.600025,4.0662278400,4.0949983200,4.0374573600,4.0470475200,4.0662278400,32635658,138134373.0000,2,0.365500,1,-0.471700,0
2020-01-02,sh.600025,4.0662278400,4.0854081600,4.0566376800,4.0854081600,4.0470475200,51574009,218892353.0000,2,0.577700,1,0.947900,0
2020-01-03,sh.600025,4.0758180000,4.0949983200,4.0470475200,4.0662278400,4.0854081600,33910568,143843293.0000,2,0.379800,1,-0.469500,0
2020-01-06,sh.600025,4.0566376800,4.0662278400,4.0182770400,4.0278672000,4.0662278400,51503736,216728657.0000,2,0.576900,1,-0.943400,0
2020-01-07,sh.600025,4.0374573600,4.0854081600,4.0278672000,4.0662278400,4.0278672000,39018437,165160418.0000,2,0.437000,1,0.952400,0
2020-01-08,sh.600025,4.0566376800,4.0662278400,3.9990967200,4.0086868800,4.0662278400,43665044,183107565.0000,2,0.489100,1,-1.415100,0
2020-01-09,sh.600025,4.0278672000,4.0374573600,3.9990967200,4.0182770400,4.0086868800,37397959,156457143.0000,2,0.418900,1,0.239200,0
2020-01-10,sh.600025,4.0086868800,4.0182770400,3.9895065600,4.0086868800,4.0182770400,25358347,105803122.0000,2,0.284000,1,-0.238700,0
2020-01-13,sh.600025,3.9895065600,4.0182770400,3.9799164000,4.0086868800,4.0086868800,30093139,125345766.0000,2,0.337100,1,0.000000,0
2020-01-14,sh.600025,4.0182770400,4.0182770400,3.9990967200,4.0086868800,4.0086868800,27141234,113478851.0000,2,0.304000,1,0.000000,0
2020-01-15,sh.600025,3.9990967200,4.0086868800,3.9799164000,3.9895065600,4.0086868800,20683050,86004613.0000,2,0.231700,1,-0.478500,0
2020-01-16,sh.600025,3.9799164000,3.9990967200,3.9511459200,3.9511459200,3.9895065600,23658278,97839721.0000,2,0.265000,1,-0.961500,0
2020-01-17,sh.600025,3.9511459200,3.9607360800,3.9223754400,3.9223754400,3.9511459200,21868215,89865122.0000,2,0.244900,1,-0.728100,0
2020-01-20,sh.600025,3.9223754400,3.9319656000,3.9031951200,3.9223754400,3.9223754400,31737054,129638120.0000,2,0.355500,1,0.000000,0
2020-01-21,sh.600025,3.9223754400,3.9223754400,3.8648344800,3.8744246400,3.9223754400,37951056,153654157.0000,2,0.425100,1,-1.222500,0
2020-01-22,sh.600025,3.8648344800,3.8744246400,3.8072935200,3.8552443200,3.8744246400,38862033,155666453.0000,2,0.435300,1,-0.495000,0
2020-01-23,sh.600025,3.8456541600,3.8552443200,3.7785230400,3.7977033600,3.8552443200,33940151,135091378.0000,2,0.380200,1,-1.492500,0
2020-02-03,sh.600025,3.4620477600,3.6538509600,3.4428674400,3.6346706400,3.7977033600,108578073,401419869.0000,2,1.216200,1,-4.292900,0
2020-02-04,sh.600025,3.5963100000,3.7977033600,3.5771296800,3.7401624000,3.6346706400,67698000,262235041.0000,2,0.758300,1,2.902400,0
2020-02-05,sh.600025,3.7401624000,3.7785230400,3.7018017600,3.7401624000,3.7401624000,45081072,176175864.0000,2,0.504900,1,0.000000,0
2020-02-06,sh.600025,3.7593427200,3.7977033600,3.7305722400,3.7785230400,3.7401624000,45838054,179981327.0000,2,0.513400,1,1.025600,0
2020-02-07,sh.600025,3.7689328800,3.7881132000,3.7401624000,3.7785230400,3.7785230400,31097364,121771501.0000,2,0.348300,1,0.000000,0
2020-02-10,sh.600025,3.7593427200,3.7785230400,3.7305722400,3.7593427200,3.7785230400,34787077,136070136.0000,2,0.389600,1,-0.507600,0
2020-02-11,sh.600025,3.7689328800,3.7689328800,3.7305722400,3.7497525600,3.7593427200,24060161,94172081.0000,2,0.269500,1,-0.255100,0
2020-02-12,sh.600025,3.7305722400,3.7497525600,3.7113919200,3.7401624000,3.7497525600,27784742,107993690.0000,2,0.311200,1,-0.255800,0
2020-02-13,sh.600025,3.7401624000,3.7401624000,3.6538509600,3.6538509600,3.7401624000,51941369,199511974.0000,2,0.581800,1,-2.307700,0
2020-02-14,sh.600025,3.6442608000,3.7018017600,3.6442608000,3.6922116000,3.6538509600,29197798,111772602.0000,2,0.327000,1,1.049900,0
2020-02-17,sh.600025,3.6826214400,3.7881132000,3.6730312800,3.7785230400,3.6922116000,33233664,129922673.0000,2,0.372200,1,2.337700,0
2020-02-18,sh.600025,3.7785230400,3.8552443200,3.7593427200,3.8168836800,3.7785230400,29227475,116133416.0000,2,0.327400,1,1.015200,0
2020-02-19,sh.600025,3.8072935200,3.8168836800,3.7497525600,3.7497525600,3.8168836800,33949673,133745585.0000,2,0.380300,1,-1.758800,0
2020-02-20,sh.600025,3.7497525600,3.7785230400,3.7209820800,3.7689328800,3.7497525600,25714242,100384869.0000,2,0.288000,1,0.511500,0
2020-02-21,sh.600025,3.7593427200,3.7689328800,3.7209820800,3.7305722400,3.7689328800,36557534,142486159.0000,2,0.409500,1,-1.017800,0
2020-02-24,sh.600025,3.7305722400,3.7305722400,3.6730312800,3.6922116000,3.7305722400,39164661,150715006.0000,2,0.438700,1,-1.028300,0
2020-02-25,sh.600025,3.6346706400,3.6634411200,3.6059001600,3.6346706400,3.6922116000,43095099,163261610.0000,2,0.482700,1,-1.558400,0
2020-02-26,sh.600025,3.6059001600,3.7018017600,3.5963100000,3.6730312800,3.6346706400,40616974,154890874.0000,2,0.454900,1,1.055400,0
2020-02-27,sh.600025,3.6634411200,3.6826214400,3.6346706400,3.6346706400,3.6730312800,26361561,100322591.0000,2,0.295300,1,-1.044400,0
2020-02-28,sh.600025,3.5867198400,3.6154903200,3.5195887200,3.5387690400,3.6346706400,59854355,222089058.0000,2,0.670400,1,-2.638500,0
2020-03-02,sh.600025,3.5579493600,3.6346706400,3.5579493600,3.6059001600,3.5387690400,35872664,134752348.0000,2,0.401800,1,1.897000,0
2020-03-03,sh.600025,3.6346706400,3.6634411200,3.6154903200,3.6346706400,3.6059001600,31502027,119396688.0000,2,0.352800,1,0.797900,0
2020-03-04,sh.600025,3.6059001600,3.7209820800,3.6059001600,3.7018017600,3.6346706400,43594328,167259588.0000,2,0.488300,1,1.847000,0
2020-03-05,sh.600025,3.7305722400,3.7881132000,3.7113919200,3.7785230400,3.7018017600,49077518,192437227.0000,2,0.549700,1,2.072500,0
2020-03-06,sh.600025,3.7497525600,3.7689328800,3.7209820800,3.7401624000,3.7785230400,31218072,121692805.0000,2,0.349700,1,-1.015200,0
2020-03-09,sh.600025,3.6922116000,3.7018017600,3.6059001600,3.6250804800,3.7401624000,48633066,184477169.0000,2,0.544700,1,-3.076900,0
2020-03-10,sh.600025,3.5867198400,3.7209820800,3.5867198400,3.7113919200,3.6250804800,45416429,173113804.0000,2,0.508700,1,2.381000,0
2020-03-11,sh.600025,3.7018017600,3.7113919200,3.6538509600,3.6538509600,3.7113919200,27373594,105091610.0000,2,0.306600,1,-1.550400,0
2020-03-12,sh.600025,3.6442608000,3.6538509600,3.5771296800,3.5963100000,3.6538509600,25786021,96933594.0000,2,0.288800,1,-1.574800,0
2020-03-13,sh.600025,3.5004084000,3.5579493600,3.4620477600,3.5387690400,3.5963100000,47496136,174042376.0000,2,0.532000,1,-1.600000,0
2020-03-16,sh.600025,3.5483592000,3.5579493600,3.4524576000,3.4716379200,3.5387690400,34514453,126279121.0000,2,0.386600,1,-1.897000,0
2020-03-17,sh.600025,3.4716379200,3.5004084000,3.3757363200,3.4236871200,3.4716379200,38058298,136386519.0000,2,0.426300,1,-1.381200,0
2020-03-18,sh.600025,3.4332772800,3.4908182400,3.3565560000,3.3661461600,3.4236871200,31800814,113867101.0000,2,0.356200,1,-1.680700,0
2020-03-19,sh.600025,3.3661461600,3.3853264800,3.2606544000,3.3086052000,3.3661461600,39100505,135197757.0000,2,0.438000,1,-1.709400,0
2020-03-20,sh.600025,3.3277855200,3.4332772800,3.3086052000,3.4332772800,3.3086052000,38714850,136176236.0000,2,0.433600,1,3.768100,0
2020-03-23,sh.600025,3.3565560000,3.4524576000,3.3373756800,3.4140969600,3.4332772800,29459040,104460311.0000,2,0.330000,1,-0.558700,0
2020-03-24,sh.600025,3.4524576000,3.4908182400,3.4236871200,3.4908182400,3.4140969600,34890835,126128401.0000,2,0.390800,1,2.247200,0
2020-03-25,sh.600025,3.5387690400,3.5483592000,3.4908182400,3.5195887200,3.4908182400,27605542,101221284.0000,2,0.309200,1,0.824200,0
2020-03-26,sh.600025,3.5099985600,3.5099985600,3.4812280800,3.4812280800,3.5195887200,14878721,54189282.0000,2,0.166700,1,-1.089900,0
2020-03-27,sh.600025,3.5004084000,3.5291788800,3.4908182400,3.4908182400,3.4812280800,16296989,59557534.0000,2,0.182500,1,0.275500,0
2020-03-30,sh.600025,3.4716379200,3.5195887200,3.4332772800,3.5099985600,3.4908182400,19994340,72676591.0000,2,0.224000,1,0.549400,0
2020-03-31,sh.600025,3.5195887200,3.5291788800,3.4812280800,3.4908182400,3.5099985600,18429900,67393771.0000,2,0.206400,1,-0.546400,0
2020-04-01,sh.600025,3.4908182400,3.5004084000,3.3949166400,3.4140969600,3.4908182400,30807498,110645106.0000,2,0.345100,1,-2.197800,0
2020-04-02,sh.600025,3.3949166400,3.4620477600,3.3853264800,3.4620477600,3.4140969600,19061923,68103234.0000,2,0.213500,1,1.404500,0
2020-04-03,sh.600025,3.4620477600,3.4620477600,3.4332772800,3.4524576000,3.4620477600,13790106,49629481.0000,2,0.154500,1,-0.277000,0
2020-04-07,sh.600025,3.4812280800,3.5195887200,3.4716379200,3.5004084000,3.4524576000,26685709,97346786.0000,2,0.298900,1,1.388900,0
2020-04-08,sh.600025,3.4524576000,3.5291788800,3.4428674400,3.5291788800,3.5004084000,29723308,108057879.0000,2,0.332900,1,0.821900,0
2020-04-09,sh.600025,3.5483592000,3.5579493600,3.4908182400,3.5004084000,3.5291788800,19447441,71403848.0000,2,0.217800,1,-0.815200,0
2020-04-10,sh.600025,3.4908182400,3.5195887200,3.4812280800,3.4908182400,3.5004084000,19896600,72447027.0000,2,0.222900,1,-0.274000,0
2020-04-13,sh.600025,3.4812280800,3.4812280800,3.4332772800,3.4524576000,3.4908182400,21207156,76352973.0000,2,0.237500,1,-1.098900,0
2020-04-14,sh.600025,3.4620477600,3.4620477600,3.4236871200,3.4524576000,3.4524576000,26312554,94399703.0000,2,0.294700,1,0.000000,0
2020-04-15,sh.600025,3.4524576000,3.4620477600,3.3853264800,3.4045068000,3.4524576000,30028900,107390265.0000,2,0.336300,1,-1.388900,0
2020-04-16,sh.600025,3.4045068000,3.4332772800,3.3853264800,3.4236871200,3.4045068000,24075895,85667145.0000,2,0.269700,1,0.563400,0
2020-04-17,sh.600025,3.4140969600,3.4236871200,3.3757363200,3.3853264800,3.4236871200,30058297,106613965.0000,2,0.336700,1,-1.120400,0
2020-04-20,sh.600025,3.3853264800,3.4045068000,3.3565560000,3.4045068000,3.3853264800,19619243,69283998.0000,2,0.219700,1,0.566600,0
2020-04-21,sh.600025,3.3853264800,3.3949166400,3.3373756800,3.3565560000,3.4045068000,21955571,76960117.0000,2,0.245900,1,-1.408400,0
2020-04-22,sh.600025,3.3469658400,3.3949166400,3.3373756800,3.3949166400,3.3565560000,15735428,55218880.0000,2,0.176200,1,1.142900,0
2020-04-23,sh.600025,3.4045068000,3.4332772800,3.3853264800,3.4140969600,3.3949166400,18837199,66997982.0000,2,0.211000,1,0.565000,0
2020-04-24,sh.600025,3.4140969600,3.4236871200,3.3853264800,3.4045068000,3.4140969600,14151225,50264552.0000,2,0.158500,1,-0.280900,0
2020-04-27,sh.600025,3.4045068000,3.4620477600,3.4045068000,3.4140969600,3.4045068000,32835541,117440787.0000,2,0.367800,1,0.281700,0
2020-04-28,sh.600025,3.4140969600,3.4236871200,3.3373756800,3.3565560000,3.4140969600,29321660,102925554.0000,2,0.328400,1,-1.685400,0
2020-04-29,sh.600025,3.3565560000,3.3757363200,3.3469658400,3.3661461600,3.3565560000,21285133,74597385.0000,2,0.238400,1,0.285700,0
2020-04-30,sh.600025,3.3661461600,3.4332772800,3.3661461600,3.4045068000,3.3661461600,28094794,99776893.0000,2,0.314700,1,1.139600,0
2020-05-06,sh.600025,3.3949166400,3.4236871200,3.3949166400,3.4140969600,3.4045068000,30012821,106619201.0000,2,0.336200,1,0.281700,0
2020-05-07,sh.600025,3.4140969600,3.4332772800,3.3949166400,3.4045068000,3.4140969600,24819419,88293262.0000,2,0.278000,1,-0.280900,0
2020-05-08,sh.600025,3.4140969600,3.4236871200,3.3949166400,3.4140969600,3.4045068000,22530483,80104589.0000,2,0.252400,1,0.281700,0
2020-05-11,sh.600025,3.4236871200,3.4620477600,3.4140969600,3.4620477600,3.4140969600,29302130,105238287.0000,2,0.328200,1,1.404500,0
2020-05-12,sh.600025,3.4620477600,3.4716379200,3.4332772800,3.4428674400,3.4620477600,18045963,64838225.0000,2,0.202100,1,-0.554000,0
2020-05-13,sh.600025,3.4332772800,3.4620477600,3.4140969600,3.4524576000,3.4428674400,19035705,68330400.0000,2,0.213200,1,0.278600,0
2020-05-14,sh.600025,3.4524576000,3.4620477600,3.4236871200,3.4524576000,3.4524576000,17233800,61839406.0000,2,0.193000,1,0.000000,0
2020-05-15,sh.600025,3.4428674400,3.4620477600,3.4140969600,3.4236871200,3.4524576000,20581733,73740919.0000,2,0.230500,1,-0.833300,0
2020-05-18,sh.600025,3.4332772800,3.4524576000,3.4140969600,3.4332772800,3.4236871200,20895888,74881705.0000,2,0.234000,1,0.280100,0
2020-05-19,sh.600025,3.4524576000,3.4620477600,3.4332772800,3.4428674400,3.4332772800,20750366,74509438.0000,2,0.232400,1,0.279300,0
2020-05-20,sh.600025,3.4428674400,3.4428674400,3.4140969600,3.4140969600,3.4428674400,13723000,49080703.0000,2,0.153700,1,-0.835700,0
2020-05-21,sh.600025,3.4332772800,3.4332772800,3.3949166400,3.3949166400,3.4140969600,12555700,44662441.0000,2,0.140600,1,-0.561800,0
2020-05-22,sh.600025,3.3949166400,3.4045068000,3.3373756800,3.3469658400,3.3949166400,18742800,65731451.0000,2,0.209900,1,-1.412400,0
2020-05-25,sh.600025,3.3469658400,3.3757363200,3.3373756800,3.3565560000,3.3469658400,16351594,57236134.0000,2,0.183100,1,0.286500,0
2020-05-26,sh.600025,3.3661461600,3.3757363200,3.3565560000,3.3757363200,3.3565560000,10797537,37853638.0000,2,0.120900,1,0.571400,0
2020-05-27,sh.600025,3.3661461600,3.3757363200,3.3469658400,3.3661461600,3.3757363200,9275100,32465371.0000,2,0.103900,1,-0.284100,0
2020-05-28,sh.600025,3.3661461600,3.4045068000,3.3565560000,3.3757363200,3.3661461600,12611870,44458762.0000,2,0.141300,1,0.284900,0
2020-05-29,sh.600025,3.3757363200,3.4524576000,3.3661461600,3.4428674400,3.3757363200,24837438,88652250.0000,2,0.278200,1,1.988600,0
2020-06-01,sh.600025,3.4524576000,3.5675395200,3.4428674400,3.5579493600,3.4428674400,44847796,165059506.0000,2,0.502300,1,3.342600,0
2020-06-02,sh.600025,3.5579493600,3.6154903200,3.5387690400,3.5675395200,3.5579493600,28980535,108334719.0000,2,0.324600,1,0.269500,0
2020-06-03,sh.600025,3.5867198400,3.5963100000,3.5291788800,3.5387690400,3.5675395200,16538430,61299394.0000,2,0.185200,1,-0.806500,0
2020-06-04,sh.600025,3.5483592000,3.5579493600,3.5004084000,3.5195887200,3.5387690400,11606782,42617392.0000,2,0.130000,1,-0.542000,0
2020-06-05,sh.600025,3.5387690400,3.5387690400,3.5099985600,3.5291788800,3.5195887200,8456824,31134486.0000,2,0.094700,1,0.272500,0
2020-06-08,sh.600025,3.5291788800,3.5579493600,3.5099985600,3.5483592000,3.5291788800,15256961,56186399.0000,2,0.170900,1,0.543500,0
2020-06-09,sh.600025,3.5387690400,3.5675395200,3.5387690400,3.5579493600,3.5483592000,16193335,59959861.0000,2,0.181400,1,0.270300,0
2020-06-10,sh.600025,3.5675395200,3.5675395200,3.5195887200,3.5291788800,3.5579493600,13130838,48484722.0000,2,0.147100,1,-0.808600,0
2020-06-11,sh.600025,3.5291788800,3.5387690400,3.4428674400,3.4524576000,3.5291788800,31808369,115497396.0000,2,0.356300,1,-2.173900,0
2020-06-12,sh.600025,3.4332772800,3.4812280800,3.4140969600,3.4812280800,3.4524576000,28374920,101888426.0000,2,0.317800,1,0.833300,0
2020-06-15,sh.600025,3.4908182400,3.5004084000,3.4524576000,3.4524576000,3.4812280800,20173603,72979937.0000,2,0.226000,1,-0.826500,0
2020-06-16,sh.600025,3.4620477600,3.4908182400,3.4620477600,3.4812280800,3.4524576000,12966111,47000870.0000,2,0.145200,1,0.833300,0
2020-06-17,sh.600025,3.4812280800,3.5291788800,3.4716379200,3.5195887200,3.4812280800,21338737,77831104.0000,2,0.239000,1,1.101900,0
2020-06-18,sh.600025,3.5291788800,3.5579493600,3.4812280800,3.5099985600,3.5195887200,39003595,143039586.0000,2,0.436900,1,-0.272500,0
2020-06-19,sh.600025,3.5300000000,3.5400000000,3.5000000000,3.5100000000,3.5100000000,29992922,105507263.0000,2,0.335900,1,0.000000,0
2020-06-22,sh.600025,3.5200000000,3.5400000000,3.4800000000,3.5200000000,3.5100000000,21049825,73880294.0000,2,0.235800,1,0.284900,0
2020-06-23,sh.600025,3.5100000000,3.5400000000,3.5000000000,3.5300000000,3.5200000000,13691628,48245595.0000,2,0.153400,1,0.284100,0
2020-06-24,sh.600025,3.5300000000,3.6500000000,3.5300000000,3.6500000000,3.5300000000,44150320,159677186.0000,2,0.494500,1,3.399400,0
2020-06-29,sh.600025,3.6400000000,3.8600000000,3.6300000000,3.7800000000,3.6500000000,90457252,339525400.0000,2,1.013200,1,3.561600,0
2020-06-30,sh.600025,3.8200000000,3.8300000000,3.7500000000,3.7900000000,3.7800000000,33704813,127720548.0000,2,0.377500,1,0.264600,0
2020-07-01,sh.600025,3.7900000000,3.8100000000,3.7200000000,3.7800000000,3.7900000000,30555873,114518553.0000,2,0.342200,1,-0.263900,0
2020-07-02,sh.600025,3.7700000000,3.8800000000,3.7700000000,3.8800000000,3.7800000000,48099404,185058674.0000,2,0.538700,1,2.645500,0
2020-07-03,sh.600025,3.9000000000,3.9500000000,3.8300000000,3.8600000000,3.8800000000,51718979,200952243.0000,2,0.579300,1,-0.515500,0
2020-07-06,sh.600025,3.8800000000,4.0000000000,3.8700000000,3.9800000000,3.8600000000,76988010,304477248.0000,2,0.862300,1,3.108800,0
2020-07-07,sh.600025,3.9800000000,4.0400000000,3.9000000000,3.9000000000,3.9800000000,76229954,301750654.0000,2,0.853800,1,-2.010000,0
2020-07-08,sh.600025,3.9000000000,4.0600000000,3.8800000000,4.0600000000,3.9000000000,91083952,363385128.0000,2,1.020200,1,4.102600,0
2020-07-09,sh.600025,4.0700000000,4.0800000000,3.9800000000,4.0600000000,4.0600000000,65372173,262915877.0000,2,0.732200,1,0.000000,0
2020-07-10,sh.600025,4.0300000000,4.0300000000,3.9100000000,3.9400000000,4.0600000000,46490233,185099457.0000,2,0.520700,1,-2.955700,0
2020-07-13,sh.600025,3.9500000000,4.0400000000,3.9500000000,4.0200000000,3.9400000000,53301240,213603202.0000,2,0.597000,1,2.030500,0
2020-07-14,sh.600025,4.0200000000,4.1100000000,3.9200000000,4.0700000000,4.0200000000,75562332,302650146.0000,2,0.846400,1,1.243800,0
2020-07-15,sh.600025,4.0600000000,4.1500000000,4.0100000000,4.0200000000,4.0700000000,57339941,233437226.0000,2,0.642200,1,-1.228500,0
2020-07-16,sh.600025,4.0400000000,4.0600000000,3.8200000000,3.8600000000,4.0200000000,60757660,238848823.0000,2,0.680500,1,-3.980100,0
2020-07-17,sh.600025,3.8800000000,3.9100000000,3.8400000000,3.8800000000,3.8600000000,29692925,115244963.0000,2,0.332600,1,0.518100,0
2020-07-20,sh.600025,3.8900000000,4.0300000000,3.8900000000,3.9900000000,3.8800000000,61293366,243438763.0000,2,0.686500,1,2.835000,0
2020-07-21,sh.600025,3.9800000000,4.0100000000,3.9400000000,3.9600000000,3.9900000000,29542120,117034246.1300,2,0.330900,1,-0.751900,0
2020-07-22,sh.600025,3.9500000000,3.9800000000,3.9200000000,3.9300000000,3.9600000000,29225659,115396899.4600,2,0.327300,1,-0.757600,0
2020-07-23,sh.600025,3.9200000000,3.9300000000,3.7900000000,3.8500000000,3.9300000000,56934696,219039737.6300,2,0.637700,1,-2.035600,0
2020-07-24,sh.600025,3.8300000000,3.8500000000,3.7100000000,3.7300000000,3.8500000000,41528185,156890089.2300,2,0.465100,1,-3.116900,0
2020-07-27,sh.600025,3.7500000000,3.7800000000,3.7200000000,3.7700000000,3.7300000000,21273541,79693468.0800,2,0.238300,1,1.072400,0
2020-07-28,sh.600025,3.7900000000,3.8200000000,3.7600000000,3.7800000000,3.7700000000,25723738,97480302.2600,2,0.288100,1,0.265300,0
2020-07-29,sh.600025,3.8000000000,3.8100000000,3.7200000000,3.8000000000,3.7800000000,30021133,113268777.9400,2,0.336300,1,0.529100,0
2020-07-30,sh.600025,3.8000000000,3.8300000000,3.7500000000,3.7700000000,3.8000000000,28189321,106522739.0700,2,0.315700,1,-0.789500,0
2020-07-31,sh.600025,3.7600000000,3.8600000000,3.7500000000,3.8200000000,3.7700000000,35368636,134633827.6100,2,0.396200,1,1.326300,0
