,corr,name,fund_id,交易品种,交易频率,策略细分,fund_type_strategy,begin_date
517,0.7584420813039782,持赢丹娜300指增1号.csv,440649,,,沪深300指增,股票多头,2019-09-27
613,0.7315873181070761,源晖量化中性1号.csv,518129,,低频,中性策略,股票市场中性,2021-01-05
590,0.7078861388550749,明盛海越300指数增强1号.csv,477496,,,沪深300指增,股票多头,2020-06-04
434,0.7021448103536247,白鹭沪深300指数增强二号.csv,420860,,,,股票多头,2019-05-30
567,0.7006181956659432,尚艺中证500指数增强1号.csv,465333,,,中证500指增,股票多头,2020-03-18
561,0.6996368197216408,橡杉沪深300量化精选一号.csv,460754,,,沪深300指增,股票多头,2020-03-06
564,0.6992268095672376,锐天标准300指数增强1号.csv,463226,,日内Alpha,沪深300指增,股票多头,2020-03-06
361,0.6971113343540558,千方沪深300稳健一号.csv,402880,,,沪深300指增,股票多头,2018-11-19
376,0.6963302187123714,翼虎定投沪深300价值精选一期.csv,406306,,,沪深300指增,股票多头,2018-12-28
428,0.6957828355166321,佳期北斗星一期.csv,418894,,日内Alpha,沪深300指增,股票多头,2019-06-04
6,0.6954492055698634,天演2期D.csv,000101,,,,,2019-12-20
544,0.6934063711856138,达尔文中证500指数增强一号.csv,453141,,,,股票多头,2019-12-27
145,0.6855326464639474,银河鑫汇300增强1号.csv,278170,,,沪深300指增,股票多头,2017-03-14
61,0.6841484823072265,景林全球基金专享子基金1号.csv,166919,,,,股票多头,2016-01-29
307,0.6838428752238385,永安国富-永富15号.csv,384628,,,,股票多头,2018-07-27
584,0.6836743648708911,小黑妞沪深300指数增强1号.csv,474127,,,沪深300指增,股票多头,2020-06-05
562,0.6822605359196546,兆石中证500指数增强.csv,461360,,,中证500指增,股票多头,2020-03-20
520,0.6799996075014612,品赋海龙300指数增强.csv,441884,,低频,沪深300指增,股票多头,2019-12-13
558,0.6778649873150231,创奥投资奥凯志鑫1号.csv,460036,,,,管理期货,2020-02-21
527,0.6773858774044194,持赢丹娜500指增1号.csv,442773,,,中证500指增,股票多头,2019-10-18
573,0.6750696444895332,量盈中证500指数增强1号.csv,468892,,,中证500指增,股票多头,2020-06-19
572,0.6726761611825789,中诚富国诚锋中证500指数增强1号.csv,468190,,,中证500指增,股票多头,2020-03-25
603,0.6726582602079416,源晖中证800指数增强.csv,492814,,低频,中证800指增,股票多头,2020-08-28
166,0.6704615831695686,九坤日享沪深300指数增强1号.csv,297714,,,沪深300指增,股票多头,2017-06-23
543,0.668916861681681,聚宽中证500指数增强三号.csv,452501,,,中证500指增,股票多头,2019-12-06
508,0.6671043662158324,小黑妞指数增强1号.csv,439238,,,上证50指增,套利策略,2019-09-20
548,0.6656128988988984,优稳中证500指数增强一号.csv,456027,,,中证500指增,股票多头,2020-01-31
152,0.6631994094831528,鸣石春天沪深300指数增强1号.csv,284891,,日内Alpha,沪深300指增,股票策略,2017-04-14
203,0.66180203574934,大岩超越300.csv,324559,,,沪深300指增,股票策略,2017-10-27
521,0.6599269444802357,品赋海龙500指数增强.csv,441886,,,中证500指增,股票多头,2019-12-13
542,0.657446188253925,聚宽中证500指数增强二号.csv,452499,,,中证500指增,股票多头,2019-12-13
445,0.6566365326955814,锐天中证500指数增强高能1号.csv,421862,,日内Alpha,中证500指增,股票多头,2019-06-13
238,0.6486015704925662,黑翼风行三号沪深300指数增强.csv,342520,,,沪深300指增,股票多头,2017-12-29
546,0.6485634576555352,衍复指增三号.csv,455190,,多频段(日内+日间),中证500指增,股票多头,2019-12-27
36,0.6452503833045343,汉和资本-私募学院菁英7号基金.csv,111313,,,,股票多头,2015-10-19
505,0.6441099935411713,启林金选中证500指数增强1号.csv,436181,,多频段(日内+日间),中证500指增,股票多头,2019-08-22
474,0.6425825901619989,太平洋证券中证500量化增强1号.csv,427735,,,中证500指增,股票多头,2019-06-18
596,0.6395373280854086,超量子沪深300增强1号.csv,486055,,,沪深300指增,股票多头,2020-07-17
615,0.6381305339785341,外贸信托-景林优选2号.csv,54647,,,,股票多头,2015-04-30
610,0.6363228409537487,洛书弘盛延熙A.csv,514733,,,中证500指增,股票多头,2019-09-27
502,0.6331737168046863,启林中证500指数增强1号.csv,435294,,多频段(日内+日间),中证500指增,股票多头,2019-08-16
571,0.6326429838498447,鹿秀中证500指数增强1号.csv,467760,,,中证500指增,股票多头,2020-03-31
477,0.6307229432078254,千朔指数增强2号.csv,428264,,,,股票多头,2019-07-25
623,0.6302218253614149,恒天泰D一期.csv,62316,,,,股票多头,2015-06-26
31,0.6271750981266276,榜样多策略对冲.csv,102701,,,,股票多头,2015-09-18
198,0.6260157835055635,盘京盘世1期.csv,321461,,,,股票多头,2017-10-12
592,0.62406097833491,同温层中证500指数增强1号.csv,477975,,,中证500指增,股票多头,2020-06-04
419,0.6170659728342763,启林正兴东绣1号.csv,415527,,多频段(日内+日间),中证500指增,股票多头,2019-05-20
42,0.6167285778741639,新锐多策略对冲1号.csv,113880,,,中性策略,股票多头,2015-08-21
301,0.6158606501609303,盘京天道2期.csv,381919,,,成长型,股票多头,2018-06-29
591,0.61361461664878,垒盈中证500指数增强.csv,477883,,,中证500指增,股票多头,2020-06-30
515,0.613463740490647,宣夜投资500指数增强.csv,440187,,,中证500指增,股票多头,2020-12-24
554,0.6126185946917807,公能达沪深300指数增强1号.csv,458849,,,沪深300指增,股票多头,2020-04-03
392,0.6122434046987539,白鹭桃花岛500指数增强二号.csv,409568,,多频段(日内+日间),中证500指增,股票多头,2019-06-14
418,0.6109398654499782,蒙玺祖冲之1号量化.csv,415479,,,中证500指增,股票多头,2019-04-12
69,0.6098625263719201,源和稳健成长1号.csv,177209,,,价值型,股票多头,2016-02-05
441,0.6020471166818097,文谛沪深300指数增强20号.csv,421486,,,沪深300指增,股票多头,2019-05-07
511,0.5994178557007491,念空瑞景1号.csv,439550,,,中证500指增,股票多头,2019-11-29
381,0.5988293062897609,幂数中证500指数增强.csv,407453,,,中证500指增,股票多头,2020-11-20
70,0.5985439970720968,彤源同创1期A.csv,182206,,,成长型,股票多头,2016-04-15
555,0.5978841891252844,仙童沪深300指数增强1期.csv,458979,,,沪深300指增,股票多头,2019-12-27
313,0.5978735292354741,白鹭500指数增强南强二号.csv,386549,,多频段(日内+日间),中证500指增,股票多头,2018-09-20
465,0.5977184920509374,世纪前沿指数增强2号.csv,426102,,多频段(日内+日间),中证500指增,股票多头,2019-06-14
568,0.5959362836037984,迈萃中证500指数增强.csv,465957,,,中证500指增,股票多头,2020-03-18
406,0.5945414344308073,砥俊宏观对冲10号.csv,413004,,,,宏观策略,2019-03-08
322,0.5940505770082063,蜂雀成长优选增强2号.csv,389900,,日间alpha,中证500指增,股票多头,2018-09-07
446,0.5922067247028591,无量平衡2号.csv,421898,,日间Alpha,量化对冲(50%敞口),股票多头,2019-06-14
205,0.5918789809413343,兴业信托-宽远价值成长.csv,32580,,,价值型,股票多头,2014-11-20
302,0.5916894964508675,仁桥泽源股票.csv,382063,,,,股票多头,2018-08-10
412,0.5903823007717304,恒迈沪深300指数增强1号.csv,413620,,,沪深300指增,股票多头,2019-04-09
489,0.5896607665053382,安越择时1号.csv,431968,,,,股票多头,2019-08-05
616,0.5886421396288882,因诺天跃四号.csv,54947,,日内Alpha,沪深300指增,股票多头,2018-10-12
62,0.5852997090805052,投资精英之景林A.csv,16949,,,,股票多头,2013-10-11
536,0.5840864809748177,盛元中证500指数增强1号.csv,448764,,,中证500指增,股票多头,2019-11-20
595,0.5814303712538809,君信300指增一号.csv,483357,,,沪深300指增,股票多头,2020-07-10
43,0.5796203624546314,源乐晟尊享晟世2号.csv,114300,,,,股票多头,2015-10-31
35,0.5773167071523991,新思哲多策略3期.csv,110215,,,,股票策略,2015-09-21
503,0.5772029338510797,因诺聚配中证500指数增强.csv,435460,,日内Alpha,中证500指增,股票多头,2019-09-20
335,0.5767568870401103,黑翼中证500指数增强1号.csv,396448,,,中证500指增,股票多头,2018-10-31
526,0.5760228831495463,恒迈中证500指数增强二号.csv,442607,,,中证500指增,股票多头,2019-11-22
633,0.5752737556963754,新方程清和泉.csv,96651,,,,股票多头,2015-07-17
343,0.5723277939743261,赫富500指数增强一号.csv,398963,,,中证500指增,股票多头,2018-11-07
104,0.5712044205922968,石锋资产重剑一号.csv,247293,,,成长型,股票多头,2016-10-24
626,0.5705256283774297,拾贝投资1号.csv,68772,,,,股票多头,2014-04-25
619,0.5685867627118358,泊通泊岸1号.csv,56712,,,,宏观策略,2015-05-22
516,0.5683446506150351,因诺中证1000指数增强1号.csv,440195,,日内alpha,中证1000指增,股票多头,2019-11-08
142,0.5666971294271315,弘尚资产健康中国1号.csv,276730,,,,股票策略,2017-03-10
243,0.5632104152242153,高毅世宏1号赋余6号.csv,343116,,,,股票多头,2018-01-05
535,0.5625409965763222,宽德金选中证500指数增强6号.csv,445939,,多频段(日内+日间),中证500指增,股票多头,2019-12-20
368,0.562424803195321,量盈中证500指数增强.csv,404062,,,中证500指增,股票多头,2018-12-14
306,0.5622656098010806,盛冠达中证500指数增强1号.csv,384270,,,中证500指增,股票多头,2018-07-10
485,0.5615381653246126,因诺中证500指数增强1号.csv,430946,,日内Alpha,中证500指增,股票多头,2019-08-23
453,0.5612308891479644,卓识伟业.csv,423726,,日间Alpha,中证500指增,股票多头,2019-04-12
577,0.5611906727140648,量魁满江红中证500指数增强1号.csv,470776,,,中证500指增,股票多头,2020-05-22
436,0.5606451335561335,灵均进取1号.csv,421282,,,,股票多头,2019-05-17
449,0.5531436107951166,天算指数增强1号.csv,422516,,,中证500指增,股票多头,2019-05-28
327,0.552713445607096,明河清源1号.csv,390804,,,,股票多头,2018-09-13
185,0.5513035895515453,仁桥泽源1期.csv,307966,,,,股票多头,2017-10-13
265,0.5494939063661477,恒迈中证500指数增强一号.csv,362848,,,中证500指增,股票多头,2019-03-20
578,0.5486056146309175,新凰玖量中证500指数增强1号.csv,470902,,,中证500指增,股票多头,2020-05-20
303,0.5470607489601579,金澹中证500量化精选1号.csv,383656,,,中证500指增,股票多头,2018-07-31
297,0.5441426214326812,银河鑫汇500增强1号.csv,380402,,,中证500指增,股票多头,2018-05-07
622,0.5428240189368684,明河成长2号.csv,61360,,,,股票多头,2015-06-10
424,0.538155168970236,玄同量化500增强.csv,416893,,,中证500指增,股票多头,2019-04-04
260,0.5359010153141054,安诚数盈量化驱动1号.csv,355961,,,,多策略,2018-03-22
181,0.5356297758871558,安越增益二号.csv,307338,,,中证500指增,股票多头,2017-08-23
47,0.5344646756059823,观富策略1号.csv,124006,,,,股票多头,2015-12-07
565,0.529395676064788,耶诺中证500指数增强.csv,464674,,,中证500指增,股票多头,2020-03-13
440,0.5280734565119809,万方掘金2号.csv,421478,,,,股票策略,2019-04-26
359,0.526248549809847,幂数创业板指数增强.csv,402828,,,创业板指增,股票多头,2018-11-30
206,0.5252358935660925,鸣石量化指数增强春天11号.csv,326226,,日内alpha,中证500指增,股票多头,2017-11-03
7,0.5245719327408522,国金-中信期货指数增强1号.csv,000106,,,,,2019-04-24
514,0.5233877181667294,天算点金8号.csv,440117,,,中证500指增,股票多头,2019-10-31
597,0.5233469098348829,远望角投资1期.csv,48646,,,,股票多头,2015-04-20
285,0.521980776242823,固禾珍珠一号.csv,376078,,,成长型,股票多头,2018-05-25
162,0.5198796874799743,龙旗红鹰.csv,292862,,日间Alpha,中证500指增,股票多头,2019-02-01
299,0.5195762880326641,平方和进取1号.csv,381061,,,中证500指增,股票多头,2018-07-09
476,0.5174628174229726,迈萃量赢CTA二号.csv,428190,商品+股指(商品为主),日内,管理期货复合,管理期货,2019-07-01
92,0.5169728302678759,北京信托-明达4期.csv,2110,,,,股票多头,2010-11-19
32,0.5155798694844168,东方港湾马拉松一号.csv,106442,,,,股票多头,2015-08-28
630,0.514504722692611,保银－中国价值.csv,93774,,,,股票多空,2015-06-23
367,0.5109699033853676,海浦中证500指数增强3号.csv,403978,,日间Alpha,中证500指增,股票多头,2018-12-08
269,0.5106681774505827,鸣石宽墨七号.csv,367573,,日内alpha,中证1000指增,股票策略,2018-04-09
94,0.5089668894191077,志开成长2期.csv,226355,,,成长型,股票多头,2016-08-05
192,0.508634568212725,前海钜亿中证500指数增强1号.csv,312432,,,中证500指增,股票策略,2017-09-08
189,0.507183470285431,明K价值成长1期.csv,311212,,,中证500指增,股票多头,2017-09-08
296,0.5069265992130211,盛泉恒元灵活配置8号.csv,380275,,,套利+指增,股票多头,2018-07-06
494,0.5034572328405027,幻方中证1000量化多策略2号.csv,433202,,多频段(日内+日间),中证1000指增,股票策略,2019-09-06
487,0.49971956958992597,浮石中证500指数增强1号.csv,431603,,,中证500指增,股票多头,2019-07-19
86,0.4990133382766366,趣时事件驱动1号.csv,201137,,,成长型,股票策略,2016-06-03
559,0.4969493303596918,迪嘉优山海天沪深300增强多策略1号.csv,460044,,,沪深300指增,多策略,2020-02-14
582,0.496159789862736,稳博1000指数增强1号.csv,472419,,,中证1000指增,股票多头,2020-05-29
344,0.4950963278208355,君悦500指数增强.csv,399045,,,中证500指增,股票多头,2018-10-26
560,0.49459991198523845,迪嘉优山海天上证50增强多策略1号.csv,460046,,,上证50指增,多策略,2020-02-07
228,0.49386406544751316,大岩超越500.csv,337227,,,中证500指增,股票策略,2017-12-15
267,0.49362580081843765,大岩aShares1000.csv,367243,,,,股票多头,2018-04-04
415,0.4916563547993056,兴聚财富5号.csv,41444,,,,股票多头,2015-01-26
389,0.4903414934122275,鸣石春天三号.csv,409064,,日内alpha,中证1000指增,股票多头,2019-02-01
606,0.48973825304373286,锐天中证1000指数增强1号.csv,500023,,日内alpha,中证1000指增,股票多头,2020-09-11
501,0.4821315858724059,黑翼策略精选2号.csv,435104,,,500指增+CTA,多策略,2019-09-06
40,0.48127471838801106,招商证券汇金之重阳.csv,11313,,,价值型,股票多头,2013-02-08
239,0.47941617882683357,聚鸣多策略.csv,342624,,,成长型,股票策略,2017-12-29
330,0.4760501506510558,塞帕思拉斐尔一号指数增强.csv,395208,,,中证500指增,股票多头,2018-11-16
286,0.4750467016003113,海浦超平面中证500指数增强1号.csv,376108,,日间Alpha,中证500指增,股票多头,2018-05-30
459,0.4715239771114062,明K稳健增长1期.csv,42476,,,沪深300指增,股票多头,2015-02-13
29,0.46919096501064345,东方点赞.csv,101936,,,成长型,股票多头,2015-08-03
353,0.46668334901459774,金锝中证1000指数增强1号.csv,400248,,,,股票多头,2018-11-16
574,0.4648139206307918,涌金春生量化500指数增强.csv,469380,,,中证500指增,股票多头,2020-04-10
601,0.46304589863678364,拓牌中证800指数增强1号.csv,490639,,,中证800指增,股票多头,2020-08-14
311,0.4621082417064225,九坤股票多空配置1号.csv,385641,,,,股票多空,2018-08-03
182,0.462078199607623,平凡战泓.csv,307628,,,中证500指增,股票多头,2017-10-20
539,0.46135888328766067,宁水股票宝.csv,450942,,,,股票多头,2019-12-22
569,0.46019138822574623,宁水分子1号.csv,465989,,,,股票多头,2020-03-31
363,0.45925492244499294,金锝中证1000指数增强2号.csv,403350,,,,股票多头,2018-12-07
281,0.457330910083368,九坤日享中证1000指数增强1号.csv,372101,,,中证1000指增,股票多头,2018-04-27
312,0.45686242465624033,洛书裕和延平.csv,386439,,,500指增+CTA,管理期货,2018-08-01
326,0.4545394143512123,云古纯钧500指数增强2号.csv,390658,,,中证500指增,股票多头,2018-09-07
594,0.4542773582980714,文熙中证500指数增强.csv,480585,,,中证500指增,股票多头,2020-06-19
636,0.45140947305560175,平安资管如意28号.csv,BZ16006.OF,,,,,2016-02-18
379,0.446460226486585,迈萃量赢CTA.csv,406930,商品+股指,日内,管理期货复合,管理期货,2019-11-04
101,0.4462535696362058,龙旗红旭.csv,241880,,日间Alpha,中证500指增,股票多头,2016-10-31
631,0.4451510309805196,易同优选.csv,95593,,,成长型,股票多头,2015-07-09
79,0.44350960369117964,量锐7号.csv,193999,,,中证500指增,股票多头,2016-05-20
58,0.4429334204335739,中海信托-彤源6号.csv,15691,,,成长型,股票多头,2013-07-26
33,0.43969220227088796,沣京成长精选二期.csv,106517,,,,股票多头,2015-08-20
305,0.439056217288044,山海天中证500增强多策略一号.csv,384158,,,中证500指增,股票策略,2018-08-17
210,0.4383243125783661,虞美人.csv,328202,,,,股票多头,2017-11-02
454,0.4377723103053202,纳斯特中昕中证500增强1号.csv,424395,,,中证500指增,股票多头,2019-05-24
117,0.4376668372987746,致远中证500指数加强.csv,261269,,日内alpha,中证500指增,股票策略,2016-12-16
63,0.4354514164053086,安易持兴国2号.csv,173701,,,,股票多头,2016-03-02
103,0.43541647472788175,数博增强500.csv,244677,,,中证500指增,股票多头,2016-11-02
530,0.43500439006704295,丰润华安灵活对冲一期.csv,443285,,,量化平衡,股票多头,2019-11-21
274,0.43397882447324937,致远中证1000指数加强.csv,370228,,日内alpha,中证1000指增,股票多头,2018-04-10
229,0.4287979678641017,第二中证500指数增强1号.csv,337993,,,中证500指增,股票多头,2017-12-18
456,0.42574568283866115,沣杨尊享1期.csv,42454,,,价值型,股票策略,2015-01-16
457,0.4182632155520702,少数派8号.csv,42472,,,价值型,股票多头,2015-02-06
575,0.41706843385609044,佑维500指数增强一号.csv,469386,,,,股票多头,2020-06-05
634,0.41291141391010006,进化论稳进一号.csv,98371,,,,股票多空,2015-07-24
65,0.4118515519301899,天演中证500指数增强.csv,175378,,,,股票多头,2016-03-02
84,0.41141551386908554,泽升优选成长1期.csv,198870,,,成长型,股票多头,2016-05-24
432,0.41118682172347953,黑翼策略精选一号.csv,420062,,,,管理期货,2019-06-21
125,0.4102869495653641,丰润京钛一期.csv,265808,,,量化平衡,股票策略,2017-01-24
331,0.4080088656144958,天算中证1000灵动1号.csv,395286,,,中证1000指增,股票多头,2018-09-12
532,0.405750811651636,前海旭日上证50指数增强.csv,444102,,,上证50指增,股票多头,2020-01-03
421,0.4054416237703415,新量子标准杆2号.csv,415849,,,,管理期货,2019-03-22
155,0.3938193820974433,鑫岚龙腾1号.csv,288531,,,,宏观策略,2017-05-04
13,0.3935609168473098,毓颜股指策略.csv,000307,,,,,2019-03-15
468,0.38719364582907156,凯聪期权价值套利1号.csv,426616,,,,套利策略,2019-06-06
282,0.38671911152594723,聚宽一号.csv,372113,,,中证500指增,股票多头,2018-04-26
289,0.37530899006258317,丰润长期价值1期.csv,376830,,,中证500指增,股票多头,2018-06-27
139,0.37158756413660965,龙旗Y计划一期.csv,273086,,,,股票多头,2019-03-08
624,0.36116770285922367,健顺云2号.csv,64412,,,成长型,股票多头,2015-06-10
341,0.36062232330678795,卓尚成长1号.csv,398681,,,黑色,股票多头,2018-10-19
156,0.36019732024583173,汇鸿鸣石500指数增强春天八号.csv,288859,,日内alpha,中证500指增,股票多头,2017-05-02
115,0.35878404514204826,艾方博云全天候1号.csv,257542,,,可转债+指增+CTA+期权套利,多策略,2016-12-16
325,0.3499163717657298,沃霖玄武1号.csv,390576,,,股指,管理期货,2018-12-14
378,0.3428385701063165,沃霖玄武5号.csv,406652,,,股指,股票多头,2019-01-04
621,0.3402999009431117,明K多策略对冲1号.csv,57159,,,,多策略,2015-05-29
444,0.3359155202550868,宁水万物互联.csv,421824,,,,股票多头,2019-05-28
430,0.3351766761976125,悬铃C号2期.csv,419722,,,复合套利,套利策略,2020-05-15
208,0.3350767403514659,常青藤中证500指数增强型一号.csv,327902,,,中证500指增,股票多头,2017-11-08
83,0.33273199981304763,兴业信托-名禹稳健增长.csv,1988,,,成长型,股票策略,2010-10-08
174,0.31949970301659864,赫富一号.csv,299371,,,,多策略,2018-10-19
110,0.3184724372294966,智道处女座AI投私募.csv,251433,,,,股票多头,2019-11-25
340,0.2994779341932319,深华智稳健1号.csv,398333,,,ETF套利,股票多头,2018-10-19
362,0.29378362268336594,润洲正行一号.csv,403208,,,化工,股票多头,2018-12-07
308,0.29060985853112253,纯达红宝石1号.csv,384914,,,,债券基金,2018-07-25
442,0.285452281071517,纯达可转债一号.csv,421664,,,,债券基金,2019-05-10
247,0.28203147626891945,红猫资管智赢六期.csv,344421,,,农产品,管理期货,2018-01-19
491,0.2802789848840661,燧石天卫3号.csv,432740,Aplha+T0,日间Alpha,增强型股票中性,股票市场中性,2020-01-02
186,0.2762296919731257,淘利量化9号.csv,308221,,,期权套利,套利策略,2017-08-25
352,0.2753405247521672,聚启元双勉1号.csv,399902,商品+股指,多频率混合,管理期货复合,管理期货,2018-11-02
425,0.2736163126684705,千朔-聚信量化一号.csv,418005,,低频,中性策略,股票市场中性,2019-06-14
112,0.2724023513559817,金牛宽投全天候九号.csv,252100,,日内Alpha,,管理期货,2017-06-30
495,0.26793498340958166,启林金选量化对冲1号.csv,433400,,多频段(日内+日间),中性策略,股票多头,2019-07-29
435,0.2628750648187444,和元达元五号期权量化.csv,421160,股指,日内,股指趋势,多策略,2019-06-14
120,0.2623439028129247,易则全球宏观.csv,262842,,,,宏观策略,2016-12-28
377,0.2587732305006041,聚鸣医药创新.csv,406550,,,成长型,股票多头,2018-12-31
525,0.2562501296054053,世纪前沿量化对冲9号.csv,442401,Alpha+T0,多频段(日内+日间),中性策略,复合,2019-10-22
280,0.25445629492559163,龙旗紫微量化对冲.csv,37171,,,,股票市场中性,2014-12-22
234,0.2541352743206549,永隆宏观对冲策略.csv,33898,,,,宏观策略,2014-08-15
55,0.24820637609980223,盈阳涌鑫三号.csv,153662,,,,股票多头,2015-12-31
388,0.24616344754360944,明湾转债多元策略.csv,409058,,,,债券基金,2019-01-25
223,0.24538563243085473,蓝色天际期权1号.csv,333968,,,期权复合策略,股票策略,2017-11-17
178,0.2448438974434426,明K中性1号.csv,301278,,日间Alpha,中性策略,股票市场中性,2017-07-28
370,0.2426705029067856,中安汇富-国元莲花山.csv,404170,,,,宏观策略,2019-01-25
447,0.24168996063243492,细水居天府乐享1号.csv,421912,股指+少量商品,日内,股指趋势,管理期货,2019-05-27
528,0.24112504970049223,艾方可转债2号.csv,443227,,,可转债套利,债券基金,2019-10-25
4,0.2373101697052141,国金新智能1号.csv,000009,,,,,2016-04-15
233,0.23211490074835217,永隆量化趋势.csv,33897,商品,中长周期,趋势跟踪,宏观策略,2017-03-03
397,0.2315657049118611,世纪前沿量化对冲3号.csv,410402,Alpha+T0,多频段(日内+日间),中性策略,股票市场中性,2019-02-01
473,0.23004309648361929,源晖量化1号.csv,427641,,,,股票市场中性,2019-09-05
195,0.22995456224807057,华量锐天量化1号.csv,317487,,日内Alpha,中性策略,股票市场中性,2017-10-17
589,0.22594287570717225,霁泽夏天量化套利2号.csv,477382,,,复合套利,股票市场中性,2020-06-05
602,0.2233018032369912,余弦1号.csv,492228,,,,股票多头,2020-08-11
196,0.22248939407104348,七禾毓颜1号.csv,317597,股指+少量商品,中长周期,股指趋势,管理期货,2017-09-22
134,0.2183604523858153,牧鑫期权全策0号.csv,272014,商品期货+期权,中长周期,量化CTA+期权,管理期货,2017-02-17
504,0.21763501429794607,白鹭鼓浪屿量化多策略一号.csv,435913,,,Alpha+CTA,多策略,2019-09-25
383,0.21743574076627478,赫富灵活对冲一号.csv,408838,,,,股票策略,2020-01-02
122,0.2146718972210231,量金优利CTA七号.csv,264097,股指,,CTA套利,管理期货,2017-01-06
288,0.20960177005398367,博牛金纳成长1号.csv,376804,,低频,中性策略,股票市场中性,2018-06-01
116,0.20812830592934922,鸿凯进取5号.csv,258478,,,农产品,管理期货,2016-12-15
261,0.20603810240163647,纳斯特中昕汇利.csv,357253,,,中性策略,股票多头,2018-03-01
222,0.19918031907270306,金澹资产成长量化对冲1号.csv,333918,,,中性策略,股票市场中性,2017-12-29
364,0.1710341739059855,赫富对冲三号.csv,403442,Alpha+T0,日间Alpha,中性策略,股票市场中性,2018-12-05
73,0.17022085587945798,龙旗巨星一号.csv,186431,,,量化平衡,股票多头,2016-05-13
566,0.16852365408055114,鲲腾量化复合1号.csv,465195,商品,中短周期,趋势跟踪,股票多头,2020-04-23
143,0.16451912191043155,毓颜言商1号.csv,276961,股指+少量商品,中长周期,股指趋势,管理期货,2018-07-06
545,0.16449332669068228,量典长青一号.csv,455138,,,期权套利,套利策略,2019-12-25
177,0.16366812017244853,达尔文明德一号.csv,299993,,多频段(日内+日间),中性策略,股票市场中性,2017-07-07
357,0.16175073231832793,悬铃C号.csv,402002,,,复合套利,套利策略,2018-11-23
346,0.161439532767753,量金睿丰.csv,399073,商品,多频率混合,管理期货复合,管理期货,2018-11-02
246,0.16051734514091068,鑫鼎盛宁水多策略.csv,344090,,,,多策略,2018-01-24
227,0.15929804722421345,进化论远志一号.csv,334684,,,,股票市场中性,2017-12-08
395,0.15888968295719222,瑞升沪深300指数增强.csv,409740,,,沪深300指增,股票多头,2021-01-29
507,0.15611876533151334,霁泽夏天1号.csv,437470,,,复合套利,股票多头,2019-09-25
76,0.1555612546316596,外贸信托－金锝5号.csv,19242,,,,股票市场中性,2014-01-17
570,0.153133124387804,宁水对冲6号.csv,466938,,,,管理期货,2020-04-03
263,0.15162866039996356,无隅磐石一号.csv,358487,,,中性策略,股票市场中性,2018-03-09
328,0.15131450831566784,宁水新规一期.csv,390834,商品期货+国债期货+周期性股票,,CTA+股票多头,股票多头,2018-08-28
550,0.15038045893572718,平石U3期权对冲.csv,457001,,,,股票多头,2020-01-07
64,0.1500868391644966,明得浩伦CTA一号.csv,173726,商品,中长周期,趋势跟踪,趋势,2016-03-02
466,0.14761873101838036,满天星1号.csv,426542,,,,套利策略,2019-06-11
148,0.14577279797671497,平方和信享.csv,281524,,日间Alpha,中性策略,股票市场中性,2017-04-07
109,0.13797874379029731,稳毅稳盈CTA.csv,251357,,,,管理期货,2019-12-27
278,0.13021111807361488,茂源资本-巴舍里耶2期.csv,371408,,日间Alpha,中性策略,股票市场中性,2018-04-27
524,0.12972112466830527,SAP智龙智N4号.csv,442065,商品+股指+国债,多频率混合,管理期货复合,管理期货,2019-10-12
523,0.12972112466830527,SAP智龙智N4号.csv,442065,商品,中长周期,趋势跟踪,管理期货,2019-10-12
264,0.12569849375540412,迈萃阿尔法猫.csv,358791,,,高频Alpha+期货高频,管理期货,2018-08-02
169,0.1255889769033297,微丰凯旋9号.csv,297890,,,中性策略,股票市场中性,2017-06-21
351,0.12436736645165199,素养鸣石量化18号.csv,399624,,,T0+Alpha,股票市场中性,2018-11-02
215,0.1219921674897319,恒禾宁水精选二期.csv,330104,,,,管理期货,2017-11-17
339,0.11904990764677498,时代复兴东兆长泰CTA三号.csv,397867,商品,,CTA套利,管理期货,2019-03-29
329,0.11890221667552349,思勰投资趋势CTA一号.csv,391144,,,高频Alpha+期货高频,管理期货,2018-10-12
588,0.11623283799613005,衍复中性十八号.csv,477272,,多频段(日内+日间),,股票市场中性,2020-06-02
100,0.11352849063776746,思瑞二号.csv,241477,,,,管理期货,2016-10-14
194,0.11308486877561116,远澜苍松1号.csv,316604,商品70%+股指25%+国债5%,多频率混合,管理期货复合,股票多头,2017-09-04
519,0.11125059150081798,因诺启航1号.csv,44174,,日内Alpha,量化对冲(20%敞口),多策略,2015-03-06
257,0.11068795563780619,瑞航11期.csv,354494,,日间Alpha,中性策略,套利策略,2018-02-08
498,0.10783796958873652,系数权时一号对冲.csv,433978,,,中性策略,管理期货,2019-08-30
225,0.10071506479507793,御澜亚马逊1号.csv,334426,,中短周期,CTA套利,管理期货,2017-12-01
534,0.10070806758247978,SAP智龙智N1号.csv,445054,,,,管理期货,2019-11-01
179,0.09890088681651542,正瀛权智1号.csv,303726,,,,套利策略,2017-08-14
91,0.08681307671050663,前海文睿-贵金属套利1号.csv,207478,,,,套利策略,2016-06-23
348,0.08628692735996522,元三号量化.csv,399357,股指,日内,股指趋势,管理期货,2018-11-09
250,0.08305082843477009,鸣石量化十三号.csv,346343,,日内Alpha,中性策略,股票市场中性,2018-01-15
242,0.07923121647277814,英特力1号.csv,342908,,,中性策略,股票市场中性,2018-02-09
3,0.07792588663361669,大道白驹.csv,000008,,,,,2017-08-25
469,0.0760621507297166,因诺阿尔法3号.csv,427046,,日内Alpha,中性策略,股票市场中性,2019-05-31
608,0.07469474375126235,裕锦1号.csv,502413,,高频,期货高频,股票多头,2020-09-25
12,0.0735617069541373,Metori中国趋势.csv,000306,,,,,2011-12-30
408,0.07330808949122156,海狮期权伽玛二期.csv,413080,,,期权套利,多策略,2019-04-01
251,0.07138419822967838,众智长江二号.csv,346623,,,黑色,管理期货,2018-01-19
345,0.07128561038245483,君拙玉泉二号.csv,399047,商品,低频,基本面量化,管理期货,2018-10-19
512,0.07122620592656828,宁水全天候进取.csv,439572,,,,管理期货,2019-10-08
334,0.07119366125131252,滨海-锦慧五号.csv,396362,,,,套利策略,2018-09-25
513,0.07113868985567606,从石1号.csv,439775,,,技术分析,管理期货,2019-10-08
253,0.071010652168884,辰韬资产对冲一号.csv,350196,,,农产品,股票多头,2018-05-04
173,0.06540574390377438,皓晨稳进1号.csv,299365,商品,中短周期,趋势跟踪,股票多头,2017-06-20
133,0.06535550023933986,嘉诚-星火.csv,270879,商品,长周期,趋势跟踪,管理期货,2017-02-10
131,0.06528793621775941,启元阿尔法1号.csv,269885,,,,股票市场中性,2017-03-03
74,0.06497586507729579,远澜雪松.csv,190801,商品70%+股指25%+国债5%,多频率混合,管理期货复合,管理期货,2016-05-13
338,0.061892899621551756,亿峰精选多策略二号.csv,397316,,,农产品,管理期货,2018-09-24
563,0.060020742796654876,盛冠达时代匠心3号.csv,462833,,,场外互换T0,股票多头,2020-03-04
451,0.05902306693305911,因诺阿尔法1号.csv,422916,,日内Alpha,中性策略,股票市场中性,2019-07-12
472,0.05808999819899088,弈倍赢嘉量化对冲1号.csv,427607,,多频段(日内+日间),中性策略,股票市场中性,2019-06-13
635,0.05752950889014707,量金优利CTA一号.csv,99606,商品,多频率混合,管理期货复合,趋势,2015-07-24
50,0.05708777549058762,桑鹰启航一号.csv,126948,,,黑色,套利,2015-11-27
241,0.05224732300673492,泰亚二期.csv,342844,,,T0,股票市场中性,2018-01-18
581,0.051346056847160496,林道波动率1期.csv,471991,,,期权套利,套利策略,2020-09-11
255,0.050011840797156766,宽投常晴.csv,351478,商品,,CTA套利,管理期货,2018-01-31
478,0.049808704073289196,蜂雀量化市场中性2号.csv,428772,,日间Alpha,中性策略,股票市场中性,2019-09-20
172,0.049159787337441835,宽投量化三号.csv,298741,商品,,CTA套利,管理期货,2017-06-26
37,0.047559945413813254,盛泉恒元多策略市场中性3号.csv,111699,,,,套利策略,2015-10-17
587,0.04565129306146437,博普CTA趋势1号A类.csv,477078,商品+股指,中长周期,趋势跟踪,管理期货,2017-09-29
437,0.04454198006146925,山东天宝一阳指四期.csv,421408,,,ETF套利,股票多头,2019-04-30
438,0.04454198006146925,山东天宝云中燕十一期.csv,421408,,,ETF套利,股票多头,2019-04-30
240,0.040859621430201,量量资产-机遇1号.csv,342642,,,中性策略,多策略,2018-01-26
598,0.03970944363815738,衍复中性九号.csv,488210,,多频段(日内+日间),中性策略,股票市场中性,2020-07-27
323,0.037212921693324415,浮石信安2号.csv,389904,,,融券T0,股票市场中性,2018-08-17
34,0.03552449194087324,千象3期.csv,106529,商品,中长周期,趋势跟踪,复合,2015-09-02
191,0.0350764561516781,众智对冲一号.csv,311744,,,农产品,管理期货,2017-09-05
423,0.033658949980039835,久银宏观对冲量化1号.csv,416499,商品为主,中长周期,趋势跟踪,管理期货,2019-03-22
161,0.033550662258077686,思博量道十五号.csv,292298,商品,中短周期,趋势跟踪,管理期货,2017-05-26
293,0.030818872784945425,睿兹10号.csv,378855,,,,股票多空,2018-06-11
426,0.030733292822316193,盛冠达CTA基本面量化1号.csv,418141,商品,低频,基本面量化,管理期货,2019-04-12
209,0.030521385793319897,盛冠达试金石3号.csv,328102,股指,,CTA套利,套利策略,2017-11-03
490,0.030319285977829992,念空灵活对冲2号.csv,432642,,,,股票策略,2019-11-29
497,0.030297253429919267,佑维稳健一号.csv,433658,,,,管理期货,2019-08-23
413,0.029957494175930577,浮石信安3号.csv,413880,,,融券T0,股票市场中性,2019-03-14
462,0.029357767904522002,希格斯新视野1号.csv,424859,,,T0,股票市场中性,2019-05-29
321,0.02886987742340498,浮石对冲3号.csv,389527,,,CTA套利,套利策略,2018-08-17
119,0.027930253072096237,天演6号.csv,262468,,日内/更短周期,T0+Alpha,股票市场中性,2017-07-21
53,0.026263548928760056,数博内鑫.csv,139259,,,管理期货复合,其他策略,2015-12-30
439,0.025655703541999465,同亨财掌柜持股宝十六号.csv,421474,,,T0,股票多头,2019-04-30
217,0.022773376010999855,爱晖泰然6号.csv,332237,商品,中短周期,CTA套利,管理期货,2021-01-22
106,0.021966312020005204,泓湖稳宏宏观策略.csv,250233,,,,股票多头,2016-11-11
403,0.017583707963240373,宏龙利贞2期.csv,412308,商品+股指,,CTA套利,股票多头,2019-03-06
452,0.011705282730046111,t童源达润成长.csv,423638,,,可转债套利,股票策略,2019-04-30
165,0.011156881541467033,外贸信托-金锝建业1号.csv,296382,,日内Alpha,中性策略,股票多头,2017-06-16
294,0.009082733767431723,锋滔量星CTA一号.csv,379355,商品+股指,中短周期,管理期货复合,股票市场中性,2018-07-10
391,0.007842089853142505,盛泉恒元量化套利11号.csv,409248,,,复合套利,套利策略,2019-01-25
46,0.0025476827849687874,黑翼CTA二号.csv,123744,商品,中长周期,趋势跟踪,管理期货,2015-11-16
611,0.0018832514551805884,洛书弘图景耀A.csv,514734,,日间Alpha,中性策略,股票市场中性,2019-09-27
158,0.0011058426438254729,致远22号.csv,291379,,日内alpha,中性策略,股票市场中性,2017-05-12
580,0.0010290897152909846,久银宏观对冲量化3号.csv,471951,商品为主,中长周期,趋势跟踪,管理期货,2020-04-23
409,0,迈萃沪深300指数增强.csv,413218,,,沪深300指增,股票多头,2019-04-12
422,0,宏龙利贞3期.csv,416375,股指,,CTA套利,套利策略,2019-04-02
632,0,盛泉恒元量化1号.csv,96565,,,,套利策略,2015-07-17
410,0,盛冠达股指套利1号.csv,413336,股指,,CTA套利,套利策略,2019-03-08
627,0,因诺天跃七号.csv,75040,,日内alpha,中证1000指增,股票多头,2018-12-26
414,0,赫富500指数增强五号.csv,414435,,,中证500指增,股票多头,2019-03-15
625,0,新方程望正精英鹏辉.csv,64914,,,,股票多头,2015-06-26
417,0,宏量鼎兴.csv,415275,,,ETF套利,股票多头,2019-04-22
629,0,华宝兴业管理期货“元盛三号”.csv,90669,商品,长周期,趋势跟踪,管理期货,2015-02-27
399,0,稳博红樱桃8号.csv,410606,,,,股票多头,2018-04-09
401,0,世诚扬子二号.csv,411,,,,股票多头,2008-04-18
628,0,大朴进取1期.csv,8472,,,,股票多头,2012-06-15
420,0,泰亚专享一期.csv,415653,,,T0,股票市场中性,2019-05-08
411,0,浮石全天候稳进1号.csv,413580,Alpha+T0,,中性策略,股票市场中性,2019-03-08
533,0,华杉泓楹.csv,444368,,,,宏观策略,2019-11-01
620,0,华润信托-中欧瑞博1期.csv,571,,,,股票多头,2008-12-08
618,0,大朴策略1号.csv,55802,,,价值型,股票策略,2015-05-15
585,0,迈萃量化优选一号.csv,474916,,日间Alpha,中性策略,股票多头,2020-06-30
467,0,玉数高频CTA一号.csv,426578,股指,,CTA套利,管理期货,2019-07-01
482,0,宽宏1号.csv,43005,,,,管理期货,2015-02-16
483,0,爱建-翊安可转债1号.csv,430550,,,,债券基金,2019-11-29
486,0,沣京凤凰一期.csv,431088,,,,股票多头,2019-07-05
493,0,辰钰锐阳1号.csv,433028,,,,多策略,2019-07-19
509,0,九章幻方中证500指数增强3号A.csv,439342,,多频段(日内+日间),中证500指增,股票市场中性,2017-12-29
557,0,嗣盈迪辐转债2号.csv,459446,,,,债券基金,2020-01-24
510,0,凯纳景泰量化对冲一号.csv,439490,,低频,中性策略,股票多头,2019-12-06
556,0,华润信托-诚奇中证500指数+1号.csv,459160,,多频段(日内+日间),中证500指增,股票策略,2018-08-02
552,0,燧石星云进取2号.csv,458171,,次高频,期货高频,管理期货,2020-01-14
518,0,子午大地1号.csv,441150,,,,股票市场中性,2019-11-11
547,0,宽德中证500指数增强3号.csv,455763,,多频段(日内+日间),中证500指增,股票多头,2020-01-10
537,0,弈倍东茂500指数增强.csv,449708,,,中证500指增,股票多头,2019-11-22
529,0,诚奇对冲精选.csv,443257,Alpha+T0,多频段(日内+日间),中性策略,股票市场中性,2019-11-22
464,0,宏量鼎诚.csv,425864,,,ETF套利,股票多头,2019-06-10
463,0,银叶-引玉2期.csv,42532,,,,宏观策略,2015-02-10
461,0,蒙玺分形2号.csv,424781,,,T0+Alpha,股票多头,2019-06-06
607,0,中量投300指数增强B.csv,501350,,,沪深300指增,多策略,2019-12-27
617,0,因诺天跃5号.csv,54948,,,,股票多头,2016-08-26
429,0,宽投宽涌.csv,418970,,,中证500指增,股票多头,2019-05-10
614,0,希瓦小牛1号.csv,52345,,,,股票多头,2015-05-08
433,0,嗣盈迪辐转债1号.csv,420394,,,,债券基金,2019-05-31
612,0,鲁证双隆稳进量化对冲基金.csv,51757,,,,多策略,2015-04-15
609,0,磐耀三期.csv,50949,,,成长型,股票多头,2015-04-30
604,0,创奥投资奥凯志鑫3号.csv,495916,,,,股票多头,2020-08-25
460,0,金太阳高毅国鹭1号崇远.csv,42478,,,,股票策略,2015-02-12
600,0,中量投CTA进取一号B.csv,489603,,,,管理期货,2019-02-01
599,0,源晖全球宏观量化对冲.csv,489452,,,,宏观策略,2020-08-07
448,0,稳博红樱桃14号A.csv,422104,,,T0,股票市场中性,2017-10-27
450,0,泰铼光泰1号.csv,422880,,日间Alpha,中性策略,股票市场中性,2019-07-12
455,0,戊戌稳健3号.csv,424523,商品,,CTA套利,股票多头,2019-05-27
458,0,宽投星辰.csv,424759,,,中证500指增,股票多头,2019-05-24
398,0,稳博向日葵A.csv,410434,,,,股票市场中性,2019-08-09
0,0,天演高华.csv,000003,,,,,2019-12-31
188,0,量信量化2期.csv,309137,商品,中短周期,趋势跟踪,管理期货,2017-09-01
154,0,九坤量化对冲5号A期.csv,286627,,日间Alpha,中性策略,股票市场中性,2017-04-21
175,0,达尔文至诚一号.csv,299823,,多频段(日内+日间),中性策略,股票市场中性,2017-07-07
171,0,正则基金2期.csv,298265,,,期权套利,套利策略,2017-06-27
170,0,哲萌1号.csv,298251,,,,股票多头,2017-07-06
168,0,茂源英火1号.csv,297758,,,,多策略,2017-06-23
167,0,九坤日享中证500指数增强1号.csv,297716,,,中证500指增,股票策略,2017-07-14
163,0,富奈冉4号.csv,293752,,,中性策略,股票市场中性,2017-06-09
159,0,正道兴达丰越.csv,292021,,,农产品,股票多头,2017-06-02
157,0,鸣石春天指数增强6号.csv,291171,,日内alpha,中证500指增,股票策略,2017-06-23
153,0,隆富2号.csv,285973,,,,管理期货,2017-04-21
126,0,蓝色天际7号.csv,267142,,,期权复合策略,管理期货,2017-01-17
151,0,厚方对冲三号.csv,284749,,,农产品,管理期货,2017-04-14
146,0,汇升期权一号.csv,278810,,,期权套利,套利策略,2017-03-17
140,0,九章幻方量化对冲1号.csv,273597,,多频段(日内+日间),中性策略,股票市场中性,2017-02-23
136,0,申毅全天候1号.csv,272582,,,期权波动率套利,股票市场中性,2017-06-02
135,0,歆享资产稳健一号.csv,272466,,,复合套利,套利策略,2017-04-28
132,0,弘金世纪5号.csv,270131,,,期权套利,套利策略,2017-02-03
129,0,幻方中证500量化多策略1号.csv,268817,,,,股票多头,2017-01-25
128,0,趣时成长驱动.csv,268443,,,成长型,股票策略,2017-01-20
176,0,达尔文博学一号.csv,299991,,多频段(日内+日间),中性策略,股票市场中性,2017-07-07
180,0,九章幻方量化对冲2号.csv,304216,,多频段(日内+日间),中性策略,股票市场中性,2017-07-27
183,0,景林丰收2号基金.csv,30774,,,,股票多头,2014-07-02
184,0,迎水龙凤呈祥1号.csv,307784,,,,股票多头,2017-08-17
236,0,涵德明德中证500指数增强1号.csv,340353,,,中证500指增,股票策略,2017-12-21
235,0,海韵10号.csv,340351,,,中性策略,股票市场中性,2017-12-25
231,0,凯丰优选五号.csv,338872,,,,宏观策略,2017-12-20
226,0,正瀛权智2号.csv,334468,金融+商品期权,,期权套利,套利策略,2017-12-01
224,0,与取华山1号.csv,334420,商品,长周期,趋势跟踪,管理期货,2017-11-23
221,0,展弘稳进1号7期.csv,333489,,,跨境商品套利，贵金属和重金属为主,套利策略,2017-12-22
218,0,福瑞福元壹号.csv,332283,,,复合套利,套利策略,2017-12-01
216,0,高毅利伟尊享A期.csv,330925,,,,股票多头,2017-11-10
214,0,洛书尊享CTA拾壹号.csv,329836,商品,长周期,趋势跟踪,管理期货,2017-11-24
213,0,和棋CTA进取.csv,329512,,,,管理期货,2017-10-13
212,0,万方稳进2号.csv,329180,,,,股票多头,2017-11-17
207,0,艾方星辰4号.csv,327102,,,,多策略,2017-12-01
204,0,易股鑫源八号.csv,324747,,日间Alpha,中性策略,股票市场中性,2017-10-23
202,0,小棉袄.csv,324039,,,成长型,股票策略,2017-10-27
200,0,大墉滴水成海7号.csv,323847,,,农产品,套利策略,2017-11-24
199,0,牧鑫复合对冲.csv,322503,,,,股票多头,2017-09-29
197,0,艾方全天候2号.csv,319454,,,复合套利,套利策略,2017-10-13
127,0,混沌天成-蓝色天际5号.csv,267360,,,,管理期货,2017-02-10
124,0,步耘众禾对冲四号.csv,265209,,,农产品,宏观策略,2017-03-03
244,0,涵德盈冲量化CTA1号.csv,343140,商品+股指,中短周期,趋势跟踪,管理期货,2017-12-25
41,0,弈泰全市场2号.csv,113793,,,,多策略,2015-10-22
59,0,无量1期.csv,159776,,,中证500指增,股票多头,2016-01-15
57,0,睿璞投资-睿洪一号.csv,155156,,,,股票多头,2015-12-30
56,0,致远三号.csv,153735,,,,股票策略,2015-12-14
52,0,高毅晓峰尊享A期.csv,134430,,,,股票多头,2015-12-10
51,0,高毅庆瑞尊享H期.csv,134426,,,,股票多头,2015-12-18
48,0,盛泉恒元量化进取多策略1号基金.csv,124173,,,套利+指增,股票多头,2015-12-04
45,0,高毅邻山1号远望.csv,116640,,,,股票策略,2015-11-20
44,0,相聚芒格一期.csv,114683,,,,股票多头,2015-11-06
39,0,雁丰多策略对冲1号.csv,112237,,,Alpha+CTA,多策略,2015-10-10
123,0,九坤CTA专享2号.csv,264431,商品,中短周期,趋势跟踪,管理期货,2017-01-20
38,0,幻方志远01号.csv,111765,,,,管理期货,2015-10-22
30,0,榜样优选对冲.csv,101960,,,,股票多空,2015-08-14
27,0,擎丰1号.csv,000701,,,,,2018-07-06
26,0,平凡悟鑫.csv,000605,,,,,2016-06-13
21,0,双隆稳盈1号.csv,000502,,,,,2016-01-28
19,0,若安专户1号.csv,000405,,,,,2016-01-07
11,0,象限旗舰CTA.csv,000305,,,,,2016-02-19
8,0,毕盛APS亚太对冲基金子账户.csv,000201,,,,,2019-09-30
60,0,涵德桢诚量化.csv,162517,,,管理期货复合,多策略,2016-02-17
66,0,固禾翡翠基金.csv,175498,商品83%+股指4%+国债13%,中长周期,管理期货复合,管理期货,2016-02-26
67,0,明河价值一期.csv,1763,,,,股票多头,2010-06-25
71,0,弘茗套利稳健6号.csv,183756,,,,管理期货,2016-04-15
121,0,相聚顺为3期.csv,263259,,,,股票多头,2016-12-26
118,0,凯纳凯泰2号.csv,262308,,,,股票多头,2016-12-26
108,0,光大成长均衡超越500二期.csv,250895,,,中证500指增,股票多头,2018-08-01
107,0,久期宏观多策略.csv,250607,,,,管理期货,2016-11-18
105,0,牧鑫CTA1号.csv,248319,商品期货+期权,中长周期,量化CTA+期权,管理期货,2016-11-07
102,0,筑金财富进取壹号.csv,243986,,,黑色,多策略,2016-10-19
97,0,巨杉净值线1号.csv,23478,,,,股票多头,2014-06-04
96,0,博益安盈精英1号.csv,234021,,,T0,股票多头,2017-07-13
95,0,远策逆向思维.csv,229657,,,价值型,股票多头,2016-08-19
88,0,平凡悟量.csv,203208,,,复合套利,股票市场中性,2016-07-15
87,0,幻方沪深300指数增强2号A.csv,202972,,多频段(日内+日间),沪深300指增,股票多头,2016-06-07
85,0,宏龙1号.csv,199743,股指,,CTA套利,套利策略,2017-04-27
82,0,展弘稳进1号3期.csv,198579,,,跨境商品套利，贵金属和重金属为主,套利策略,2016-05-30
80,0,宽德卓越.csv,194601,,,,管理期货,2016-04-29
78,0,远澜火松.csv,192700,商品70%+股指25%+国债5%,多频率混合,管理期货复合,管理期货,2016-05-20
77,0,念空至尊多策略.csv,192566,商品+股指,中短周期,趋势跟踪,管理期货,2016-12-23
72,0,肥尾价值一号.csv,184835,,,,股票多头,2016-04-07
237,0,幻方沪深300量化多策略1号.csv,341158,,,,股票多头,2018-07-26
318,0,启林同盈1号.csv,388949,,多频段(日内+日间),中性策略,股票多头,2018-09-18
317,0,量盈量化CTA一号.csv,388923,商品+股指,中长周期,CTA套利,管理期货,2018-08-10
375,0,沣达凤起一号.csv,406078,,,,管理期货,2018-12-28
272,0,品赋火炬.csv,369100,,低频,中性策略,股票市场中性,2018-10-19
273,0,谦信波动率对冲.csv,369126,,,,股票多头,2018-03-15
275,0,量子汇盈可转债1号.csv,370724,,,,债券基金,2018-04-20
276,0,龙商金牛9号500指数增强.csv,370736,,,中证500指增,股票多头,2018-04-26
332,0,霁海量化多因子1号.csv,396122,,,中性策略,股票市场中性,2018-09-21
279,0,象限1号.csv,371665,商品+股指,中长周期,趋势跟踪,管理期货,2018-05-04
283,0,和棋中证500指数增强1号.csv,374807,,,中证500指增,股票多头,2018-06-22
284,0,艾方可转债1号.csv,375439,,,可转债套利,债券基金,2018-05-18
366,0,茂源经典CTA-2号.csv,403822,,,,管理期货,2018-12-26
291,0,舜正中证500指数增强.csv,378072,,,中证500指增,股票多头,2018-06-21
292,0,辰钰锐阳6号.csv,378431,,日间Alpha,中证500指增,股票策略,2018-07-02
360,0,鸣石量化十七号.csv,402832,,日内Alpha,中性策略,股票市场中性,2018-11-30
356,0,辰钰锐阳9号.csv,401684,,,,股票多头,2018-11-15
355,0,卓识利民.csv,401226,Alpha+T0,日间Alpha,中性策略,股票多头,2018-12-18
354,0,柏楼塞亥量化多策略.csv,401114,股指,中短周期,股指趋势,管理期货,2018-11-23
300,0,千象卓越2号中证500指数增强.csv,381093,,,中证500指增,股票多头,2018-06-19
309,0,双隆全天候宏观对冲1号.csv,385006,商品,中短周期,管理期货复合,套利策略,2018-07-27
347,0,弈泰中证500增强一期.csv,399343,,日间Alpha,中证500指增,股票多头,2018-11-20
342,0,海浦中证1000指数增强1号.csv,398949,,,,股票多头,2018-10-30
314,0,无量有余1号.csv,387735,,日间Alpha,中性策略,股票市场中性,2018-08-17
315,0,天演7号A.csv,388115,,日内/更短周期,T0+Alpha,股票市场中性,2018-08-24
337,0,幻方中证1000量化多策略1号.csv,396992,,,,股票多头,2018-10-18
316,0,景泰指数增强1号.csv,388907,,,中证500指增,股票多头,2018-08-10
336,0,幻方上证50量化多策略1号.csv,396990,,,,股票策略,2018-11-08
333,0,金享精选策略.csv,396134,,,期权波动率套利,管理期货,2018-09-21
320,0,基成宏观量化对冲2号.csv,389341,,,,宏观策略,2018-08-16
324,0,悟源点精三号.csv,390284,,,农产品,管理期货,2018-08-31
271,0,睦沣一号.csv,369058,,,,复合,2018-04-12
277,0,浦来德天天开心对冲1号.csv,37101,,,,股票多头,2014-12-19
259,0,悬铃A号.csv,355600,,,复合套利,套利策略,2018-02-05
262,0,福克斯稳健壹号.csv,358365,,,混合,管理期货,2018-03-15
252,0,燧石天卫.csv,347713,Alpha+T0,日间Alpha,中性策略,股票市场中性,2018-02-22
249,0,紫晶一号.csv,34560,,,成长型,股票多头,2014-11-14
382,0,白鹭桃花岛量化对冲二号.csv,408594,,多频段(日内+日间),中性策略,股票市场中性,2019-03-01
380,0,天迹宏观对冲一号.csv,407221,,,,宏观策略,2019-01-18
248,0,厚方宏观对冲二号.csv,344429,,,黑色,管理期货,2018-01-24
254,0,浙盈安诚一号.csv,350642,,,,股票市场中性,2018-09-21
384,0,宏龙利贞1期.csv,408856,商品,,CTA套利,股票市场中性,2019-01-31
393,0,联卡中证500指数增强.csv,409692,,,中证500指增,股票多头,2019-03-06
266,0,银叶量化对冲1期.csv,366208,,,,股票市场中性,2018-03-22
268,0,鸣石宽墨6号.csv,367571,,,,股票多头,2018-04-04
270,0,进化论远志二号.csv,368504,,,,股票多头,2018-03-16
54,-0.0014096006806266464,千象全景1号.csv,141200,,,Alpha+CTA,多策略,2015-12-31
9,-0.004120309878651365,孝庸鲲鹏一号.csv,000301,,,,,2016-08-19
49,-0.004357843371643794,远澜云杉.csv,125352,,,,趋势,2015-11-13
551,-0.010089995681038124,外贸信托-壹心对冲1号.csv,457778,,日间Alpha,中性策略,股票多头,2019-08-16
24,-0.013333300570971035,博普稳增8号.csv,000603,,,,,2019-07-08
114,-0.013985989583155015,灵均多策略商品期货专项1期.csv,256665,,,管理期货复合,管理期货,2016-12-09
605,-0.017674529450348437,久银CTA量化5号.csv,496668,商品为主,中长周期,趋势跟踪,管理期货,2020-09-01
230,-0.01780010821385594,半夏宏观对冲.csv,338638,,,,宏观策略,2018-03-09
427,-0.01850285329717298,万坤点睛7号.csv,418237,,,,套利策略,2019-03-22
481,-0.01880920539270911,青石恒生二号.csv,429983,,,,股票多头,2019-07-12
290,-0.019455878428744314,半夏稳健混合宏观对冲.csv,377050,,,,宏观策略,2018-06-01
16,-0.022367183425225985,弈泰CTA2号.csv,000311,,,,,2018-12-28
470,-0.023069905345077534,呈瑞上风1号.csv,427281,,,Alpha+CTA,管理期货,2019-07-24
385,-0.024098612223346767,泓大希望1号.csv,408860,商品,中短周期,趋势跟踪,股票市场中性,2019-03-01
245,-0.026138980672297203,格量套利2号.csv,343872,股指+商品(股指为主),,CTA套利,套利策略,2017-12-29
81,-0.026541755521137488,安越数盈安进2号.csv,195146,,,,管理期货,2018-07-30
479,-0.026790758553116516,盛冠达CTA基本面进取1号.csv,429096,商品,低频,基本面量化,管理期货,2019-06-21
471,-0.028700851543776305,古木优选1号.csv,427335,,,中性策略,股票多头,2019-06-14
400,-0.02977584694139653,群博量化指数增强.csv,410910,期权+50etf,,上证50指增,多策略,2019-02-20
150,-0.02992241623477155,新萌复华1号CTA.csv,283200,,,黑色,管理期货,2017-03-23
369,-0.029938680290526275,希格斯沪深300单利宝1号.csv,404148,,,T0,股票市场中性,2018-12-10
25,-0.030586550530383994,博普量化对冲6号.csv,000604,,,,,2018-12-14
137,-0.03428560687534225,文谛量化多策略一号.csv,272632,,,Alpha+CTA,多策略,2017-02-17
90,-0.035364096195772195,景上源1号.csv,205932,,,化工+黑色,管理期货,2016-06-21
350,-0.03556408129404047,橙色起航一号.csv,399496,商品+股指,多频率混合,管理期货复合,管理期货,2018-10-26
5,-0.03595477667854222,孝庸金貔貅十一号.csv,000011,,,,,2019-05-17
141,-0.03705601974437352,固禾钻石.csv,276468,,,黑色,管理期货,2017-03-02
365,-0.03794575762573379,念空安皓多策略.csv,403518,,多频段(日内+日间),中性策略,股票市场中性,2018-12-07
23,-0.04126954876555015,博普混合策略1号.csv,000602,,,,,2018-05-31
99,-0.04286352046916889,丰衍财富与日聚金.csv,238673,股票期权+商品期权+股指期权+期货,中高频,期权高频,套利策略,2016-10-21
190,-0.04710473378087137,九坤量化CTA2号.csv,311520,,,,管理期货,2017-08-25
531,-0.04875088330056634,格量对冲一号.csv,444038,,,,股票多头,2019-11-01
256,-0.05145130682238997,思临二十九号-CTA.csv,351714,,,,管理期货,2018-02-02
371,-0.051628197590990146,盈沛万松优选.csv,404580,,,可转债套利,套利策略,2018-12-04
258,-0.05711431309188759,爱凡哲.csv,354948,,,,股票多头,2018-02-06
89,-0.061291548674088016,远澜红枫1号.csv,205260,商品70%+股指25%+国债5%,多频率混合,管理期货复合,管理期货,2016-06-07
201,-0.06173843691569662,天算顺势1号.csv,324027,Alpha+T0,日间Alpha,中性策略,股票市场中性,2017-11-03
138,-0.06436289207744958,宏锡量化CTA7号.csv,273048,商品,长周期,趋势跟踪,管理期货,2017-02-18
396,-0.06558995556550667,文谛量化三号.csv,410056,,,,管理期货,2019-02-14
22,-0.06565540395035481,博普跨市场1号.csv,000601,,,,,2017-03-10
488,-0.07089161616352269,迈萃量化中性一号.csv,431733,,日内Alpha,中性策略,股票市场中性,2019-08-06
583,-0.07151536089356561,盛冠达时代匠心4号.csv,473369,,,场内融券T0,股票市场中性,2020-05-11
407,-0.07176168288296789,格林顿金益.csv,413034,,,期现套利,套利策略,2019-03-15
149,-0.0722087315663177,塞帕思香农一号.csv,283144,,日间Alpha,中性策略,股票市场中性,2017-05-12
522,-0.0730467318645374,满天星2号.csv,441980,,,,管理期货,2019-10-17
113,-0.07313129951830154,鸣熙致远一号.csv,254519,商品,中短周期,管理期货复合,管理期货,2016-11-25
220,-0.07313193726006079,时代复兴东兆长泰套利一号.csv,332981,商品,,CTA套利,套利策略,2017-12-01
496,-0.07461883621389608,佑维进取一号.csv,433656,,,,管理期货,2019-08-23
484,-0.07497883699073575,旭冕好奇未来一号.csv,430930,,,混合,管理期货,2019-07-19
506,-0.08068224389922365,蒙玺玻尔兹曼2号.csv,436582,,,,股票多头,2019-09-06
304,-0.08183591112531773,量道CTA精选1号.csv,383808,商品+少量股指,,管理期货复合,管理期货,2018-07-25
18,-0.08309192310329076,永泉奇点1号.csv,000404,,,,,2019-05-06
298,-0.0905035223715438,海浦超平面量化对冲1号.csv,380699,,日间Alpha,中性策略,股票市场中性,2018-06-26
68,-0.09087460995141221,格量稳健一号.csv,176527,,,,套利策略,2016-03-04
193,-0.09095536658532458,时代复兴微观一号.csv,316470,,,期权高频,套利策略,2017-10-13
404,-0.09372152512944093,会世泰和CTA1号.csv,412338,商品+股指,,管理期货复合,管理期货,2019-03-01
310,-0.09379076253092322,会世元丰CTA1号.csv,385347,商品+股指,,管理期货复合,复合,2018-07-31
144,-0.0952897813736783,均成CTA1号.csv,277578,商品+股指,中短周期,管理期货复合,管理期货,2017-03-02
20,-0.09784046177498017,新量子量化1号.csv,000501,,,,,2020-02-03
443,-0.10004331329507178,灵均尊享中性策略1号1期.csv,421800,,日间Alpha,中性策略,股票市场中性,2019-05-17
372,-0.10063569804068304,浙江白鹭量化CTA一号.csv,404612,商品,中长周期,趋势跟踪,管理期货,2019-02-18
219,-0.11526648939079014,群博多策略混合.csv,332371,商品,日内,管理期货复合,管理期货,2017-11-17
93,-0.12096971830163436,弘源量化1号.csv,218433,,,CTA套利,管理期货,2016-07-15
593,-0.12124851428205005,蝶威深度智能稳健4号.csv,478713,,,融券T0,股票多空,2020-06-06
1,-0.12152076150794114,衍复中性三号.csv,000006,,,,,2019-12-27
211,-0.12520391864451022,冲和战狼一号.csv,328712,商品,中长周期,CTA套利,多策略,2017-12-15
390,-0.12753117207591413,融葵-稳健一号.csv,409180,,,农产品,管理期货,2019-02-25
187,-0.13042054427160332,量道富祥cta1号.csv,309135,商品,中短周期,CTA套利,管理期货,2017-08-18
541,-0.13176605468223887,文谛量化套利六号.csv,452304,商品+股指,,CTA套利,套利策略,2019-12-13
287,-0.13317570953780136,芷瀚量化CTA稳健一号.csv,376748,商品,中长周期,趋势跟踪,管理期货,2018-06-07
480,-0.13453418296166342,宁水智慧精选.csv,429250,,,,股票多头,2019-08-01
10,-0.13662402821189976,孝庸鲲鹏一号一期.csv,000302,,,,,2016-08-26
147,-0.14321169000471753,众壹资产稳健套利1号.csv,281176,,,农产品,套利策略,2017-03-22
111,-0.14444381166907436,黑翼CTA-T1.csv,252056,商品,中长周期,趋势跟踪,管理期货,2016-11-25
98,-0.14629671888630924,量道兵法2号.csv,235848,商品,中长周期,管理期货复合,管理期货,2016-09-29
164,-0.1476890846916869,盛冠达崇盛2号.csv,295951,,,,套利策略,2017-06-16
374,-0.14789520333725964,冲和稳健增长一号.csv,406064,商品,中长周期,CTA套利,股票多头,2018-12-28
431,-0.15149934739868712,锋滔重剑CTA一号.csv,419950,商品+股指,中短周期,管理期货复合,管理期货,2019-06-13
75,-0.15673268288724004,天演赛行.csv,192223,商品,,管理期货复合,股票多头,2019-08-23
387,-0.16165009187502785,量道CTA精选3号.csv,409012,商品+少量股指,,管理期货复合,管理期货,2019-01-29
130,-0.16846791821519402,冲和小奖章一号.csv,269759,商品,中长周期,CTA套利,管理期货,2017-01-24
373,-0.1694025213868508,量金格致1号.csv,404803,股指,,CTA套利,管理期货,2018-12-14
500,-0.1700605329213735,凡二经典CTA-5号.csv,434696,商品,日内,管理期货复合,管理期货,2019-08-12
394,-0.172500636653603,鸣熙夸克三号.csv,409704,商品,中短周期,管理期货复合,管理期货,2019-03-15
405,-0.1788079765475144,芷瀚量化CTA激进一号.csv,412718,商品,中长周期,趋势跟踪,管理期货,2019-03-07
15,-0.18413070462504574,大道麟趾.csv,000310,,,,,2020-04-17
553,-0.18549438579458286,芷瀚量化CTA六号.csv,458267,商品,中长周期,趋势跟踪,管理期货,2020-01-16
540,-0.18552238291018402,华量绰瑞汇海1号.csv,451781,,中频,期权套利,股票多头,2020-02-21
2,-0.2023181232596103,邓剑Alpha.csv,000007,,,,,2019-09-20
358,-0.20236036663537885,华澄致远一号.csv,402364,商品+股指,中短周期,趋势跟踪,多策略,2018-11-20
295,-0.2031106355776657,厚生量化阿尔法1号.csv,379441,,多频段(日内+日间),中性策略,股票市场中性,2018-06-13
576,-0.21434394045117655,会世商品套利1期.csv,470734,商品,,CTA套利,管理期货,2020-04-10
319,-0.21762662358869347,融悟一号.csv,388953,,,农产品,管理期货,2018-08-27
349,-0.21819392329315665,宽德九盈.csv,399437,,,,股票市场中性,2019-03-08
232,-0.2271796092136045,宁水精选三期.csv,338932,农产品+国债,中长周期,趋势跟踪,管理期货,2017-11-28
402,-0.23304911983042845,蒙玺纯达二期.csv,411888,商品,中短周期,趋势跟踪,管理期货,2019-03-08
538,-0.23811513065585857,艾方CTA1号.csv,449861,,,,管理期货,2019-12-13
499,-0.25012366683984205,社润悟林二号.csv,434502,商品,中长周期,管理期货复合,管理期货,2019-09-06
549,-0.2526015311442929,隆富进取6号.csv,456569,,,,管理期货,2020-01-03
17,-0.2588416455023855,绰瑞北岳.csv,000401,,,,,2019-11-20
386,-0.27698220553822883,华澄二号.csv,408878,,,,多策略,2019-07-19
14,-0.27975039808137286,弈泰套利2号.csv,000309,,,,,2018-12-28
586,-0.30002608874862424,同温层量化Alpha一号.csv,476010,,,,股票多头,2020-05-26
28,-0.30048874991178043,孝庸玉貔貅三号.csv,000702,,,,,2019-10-18
475,-0.31809468665462115,华澄南极一号.csv,428076,商品,中短周期,趋势跟踪,管理期货,2019-07-19
416,-0.3471354629320811,格林顿腾云二号.csv,415173,,,,套利策略,2019-03-29
579,-0.3604089545472797,绰瑞海印1号.csv,471795,股指,高频,期货高频,管理期货,2020-05-06
160,-0.5516850083726887,基成量化CTA6号.csv,292168,商品+股指+国债,多频率混合,管理期货复合,管理期货,2021-01-04
492,-0.562822288136663,衍盛期权一期.csv,432786,,,期权复合策略,管理期货,2019-07-26
